video,true_fine,pred_fine,true_coarse,pred_coarse
0003_01_0005.mp4,8,8,1,1
0003_01_0006.mp4,8,8,1,1
0003_01_0008.mp4,10,24,1,3
0003_01_0015.mp4,8,24,1,3
0003_01_0021.mp4,9,9,1,1
0003_01_0027.mp4,10,10,1,1
0003_01_0028.mp4,10,10,1,1
0003_01_0030.mp4,10,10,1,1
0003_01_0032.mp4,9,9,1,1
0003_01_0034.mp4,9,9,1,1
0003_01_0036.mp4,9,9,1,1
0003_01_0039.mp4,10,10,1,1
0003_01_0054.mp4,9,9,1,1
0003_01_0055.mp4,10,10,1,1
0003_01_0057.mp4,9,9,1,1
0003_01_0058.mp4,9,9,1,1
0003_01_0076.mp4,9,9,1,1
0003_01_0077.mp4,9,5,1,1
0003_01_0087.mp4,9,9,1,1
0003_01_0088.mp4,9,9,1,1
0003_01_0089.mp4,9,9,1,1
0003_01_0091.mp4,7,8,1,1
0003_01_0093.mp4,9,24,1,3
0003_01_0094.mp4,10,10,1,1
0003_01_0095.mp4,9,9,1,1
0003_01_0096.mp4,7,8,1,1
0003_01_0097.mp4,9,9,1,1
0003_01_0104.mp4,9,9,1,1
0003_02_0001.mp4,17,17,2,2
0003_02_0005.mp4,17,17,2,2
0003_02_0009.mp4,19,17,2,2
0003_02_0012.mp4,17,17,2,2
0003_02_0014.mp4,17,17,2,2
0003_02_0019.mp4,17,17,2,2
0003_02_0022.mp4,17,17,2,2
0003_02_0026.mp4,22,15,2,2
0003_02_0027.mp4,17,17,2,2
0003_02_0029.mp4,22,17,2,2
0003_02_0033.mp4,18,18,2,2
0003_02_0035.mp4,17,18,2,2
0003_02_0036.mp4,17,17,2,2
0003_02_0037.mp4,17,17,2,2
0003_02_0038.mp4,22,22,2,2
0003_02_0041.mp4,18,18,2,2
0003_02_0042.mp4,22,22,2,2
0003_02_0046.mp4,22,17,2,2
0003_02_0050.mp4,17,8,2,1
0003_02_0059.mp4,22,17,2,2
0003_02_0060.mp4,23,17,2,2
0003_02_0062.mp4,16,17,2,2
0003_02_0064.mp4,18,17,2,2
0003_02_0070.mp4,19,17,2,2
0003_02_0076.mp4,17,17,2,2
0003_02_0081.mp4,22,17,2,2
0003_02_0086.mp4,16,22,2,2
0003_02_0088.mp4,22,22,2,2
0003_02_0089.mp4,22,5,2,1
0003_02_0090.mp4,22,17,2,2
0003_02_0092.mp4,22,17,2,2
0003_02_0094.mp4,23,17,2,2
0003_02_0096.mp4,18,17,2,2
0003_02_0105.mp4,22,17,2,2
0003_02_0108.mp4,22,17,2,2
0003_02_0113.mp4,18,5,2,1
0003_02_0116.mp4,18,17,2,2
0003_02_0118.mp4,22,17,2,2
0003_02_0121.mp4,11,17,2,2
0003_02_0123.mp4,18,18,2,2
0003_02_0129.mp4,22,17,2,2
0003_02_0132.mp4,18,18,2,2
0003_02_0136.mp4,18,48,2,6
0004_00_0001.mp4,0,31,0,3
0004_01_0003.mp4,8,9,1,1
0004_01_0005.mp4,9,9,1,1
0004_01_0008.mp4,10,48,1,6
0004_01_0010.mp4,10,10,1,1
0004_01_0013.mp4,7,24,1,3
0004_01_0020.mp4,10,10,1,1
0004_01_0024.mp4,7,38,1,5
0004_01_0030.mp4,10,10,1,1
0004_01_0045.mp4,8,8,1,1
0004_01_0046.mp4,7,38,1,5
0004_01_0052.mp4,8,10,1,1
0004_01_0054.mp4,10,10,1,1
0004_01_0059.mp4,9,9,1,1
0004_01_0062.mp4,8,8,1,1
0004_01_0063.mp4,10,10,1,1
0004_01_0065.mp4,8,7,1,1
0004_01_0068.mp4,8,8,1,1
0004_01_0073.mp4,10,10,1,1
0004_01_0075.mp4,7,7,1,1
0004_01_0076.mp4,10,10,1,1
0004_01_0080.mp4,10,10,1,1
0004_01_0086.mp4,10,10,1,1
0004_01_0103.mp4,9,9,1,1
0004_01_0107.mp4,7,7,1,1
0004_01_0117.mp4,10,10,1,1
0004_01_0121.mp4,10,10,1,1
0004_01_0122.mp4,10,10,1,1
0004_01_0123.mp4,6,7,1,1
0004_01_0125.mp4,10,10,1,1
0004_01_0127.mp4,6,8,1,1
0004_01_0131.mp4,10,10,1,1
0004_01_0136.mp4,10,10,1,1
0004_01_0140.mp4,10,10,1,1
0004_01_0141.mp4,10,10,1,1
0004_01_0142.mp4,8,8,1,1
0004_01_0145.mp4,10,10,1,1
0004_01_0147.mp4,7,7,1,1
0004_01_0149.mp4,10,10,1,1
0004_01_0152.mp4,7,8,1,1
0004_01_0153.mp4,8,8,1,1
0004_01_0158.mp4,8,8,1,1
0004_01_0163.mp4,5,5,1,1
0004_01_0168.mp4,8,8,1,1
0004_01_0175.mp4,8,8,1,1
0004_01_0177.mp4,9,9,1,1
0004_01_0178.mp4,8,8,1,1
0004_01_0179.mp4,8,8,1,1
0004_01_0182.mp4,9,24,1,3
0004_01_0186.mp4,10,10,1,1
0004_01_0187.mp4,8,8,1,1
0004_01_0188.mp4,9,9,1,1
0004_02_0015.mp4,21,24,2,3
0004_02_0017.mp4,13,13,2,2
0004_02_0022.mp4,21,10,2,1
0004_02_0026.mp4,13,38,2,5
0004_03_0004.mp4,24,24,3,3
0004_03_0010.mp4,30,24,3,3
0004_03_0011.mp4,24,24,3,3
0004_03_0016.mp4,24,24,3,3
0004_03_0019.mp4,24,24,3,3
0004_03_0023.mp4,24,24,3,3
0004_03_0025.mp4,24,10,3,1
0004_03_0036.mp4,30,24,3,3
0004_03_0044.mp4,24,24,3,3
0004_03_0050.mp4,31,24,3,3
0004_03_0053.mp4,24,2,3,0
0004_03_0055.mp4,24,31,3,3
0004_03_0056.mp4,31,2,3,0
0004_03_0062.mp4,24,24,3,3
0004_03_0070.mp4,24,24,3,3
0004_03_0079.mp4,31,24,3,3
0004_05_0003.mp4,47,38,5,5
0004_05_0012.mp4,47,38,5,5
0004_05_0014.mp4,47,38,5,5
0004_05_0018.mp4,47,38,5,5
0004_05_0020.mp4,47,38,5,5
0004_05_0023.mp4,47,38,5,5
0004_05_0024.mp4,43,38,5,5
0004_05_0026.mp4,47,38,5,5
0004_05_0033.mp4,47,38,5,5
0005_01_0001.mp4,7,7,1,1
0005_01_0009.mp4,10,10,1,1
0005_01_0012.mp4,5,5,1,1
0005_01_0016.mp4,5,48,1,6
0005_01_0018.mp4,5,5,1,1
0005_01_0026.mp4,7,5,1,1
0005_01_0029.mp4,8,8,1,1
0005_01_0030.mp4,7,7,1,1
0005_01_0032.mp4,10,10,1,1
0005_01_0036.mp4,6,8,1,1
0005_01_0043.mp4,7,7,1,1
0005_01_0045.mp4,5,1,1,0
0005_01_0049.mp4,7,7,1,1
0005_01_0052.mp4,10,10,1,1
0005_01_0053.mp4,5,5,1,1
0005_01_0055.mp4,6,6,1,1
0005_01_0056.mp4,8,38,1,5
0005_01_0059.mp4,8,48,1,6
0005_01_0061.mp4,10,10,1,1
0005_01_0062.mp4,10,10,1,1
0005_01_0063.mp4,9,9,1,1
0005_01_0068.mp4,9,8,1,1
0005_01_0070.mp4,9,9,1,1
0005_01_0077.mp4,5,5,1,1
0005_01_0088.mp4,5,23,1,2
0005_01_0092.mp4,10,10,1,1
0005_01_0093.mp4,8,8,1,1
0005_01_0095.mp4,5,23,1,2
0005_01_0103.mp4,5,5,1,1
0005_02_0005.mp4,13,20,2,2
0005_02_0007.mp4,11,23,2,2
0005_02_0008.mp4,17,23,2,2
0005_02_0009.mp4,12,49,2,6
0005_02_0014.mp4,11,11,2,2
0005_02_0021.mp4,22,48,2,6
0005_02_0027.mp4,12,25,2,3
0005_02_0028.mp4,12,5,2,1
0005_02_0031.mp4,11,23,2,2
0005_02_0035.mp4,11,8,2,1
0005_02_0038.mp4,12,19,2,2
0005_02_0039.mp4,11,17,2,2
0005_02_0041.mp4,11,11,2,2
0005_03_0002.mp4,31,27,3,3
0005_03_0003.mp4,30,30,3,3
0005_03_0006.mp4,31,7,3,1
0005_03_0012.mp4,24,6,3,1
0005_03_0013.mp4,24,7,3,1
0005_03_0015.mp4,30,20,3,2
0005_03_0025.mp4,29,24,3,3
0005_05_0001.mp4,41,40,5,5
0005_05_0002.mp4,43,38,5,5
0005_05_0006.mp4,43,40,5,5
0005_05_0008.mp4,41,38,5,5
0005_06_0007.mp4,49,7,6,1
0006_01_0003.mp4,9,9,1,1
0006_01_0009.mp4,8,8,1,1
0006_01_0013.mp4,9,9,1,1
0006_01_0017.mp4,7,24,1,3
0006_01_0023.mp4,9,9,1,1
0006_01_0030.mp4,9,9,1,1
0006_01_0032.mp4,8,8,1,1
0006_01_0034.mp4,7,9,1,1
0006_01_0036.mp4,9,31,1,3
0006_01_0038.mp4,8,9,1,1
0006_01_0042.mp4,5,30,1,3
0006_01_0048.mp4,9,9,1,1
0006_01_0050.mp4,8,31,1,3
0006_01_0052.mp4,9,9,1,1
0006_01_0054.mp4,10,10,1,1
0006_01_0057.mp4,9,9,1,1
0006_01_0066.mp4,7,8,1,1
0006_01_0069.mp4,9,7,1,1
0006_01_0070.mp4,8,8,1,1
0006_01_0072.mp4,10,24,1,3
0006_01_0075.mp4,6,9,1,1
0006_01_0084.mp4,9,9,1,1
0006_01_0085.mp4,7,7,1,1
0006_01_0091.mp4,7,7,1,1
0006_01_0098.mp4,9,9,1,1
0006_01_0103.mp4,7,7,1,1
0006_01_0115.mp4,8,4,1,0
0006_01_0122.mp4,8,19,1,2
0006_02_0008.mp4,22,19,2,2
0006_02_0014.mp4,19,19,2,2
0006_02_0021.mp4,19,9,2,1
0006_02_0023.mp4,19,29,2,3
0006_02_0028.mp4,19,17,2,2
0006_02_0029.mp4,19,30,2,3
0006_02_0031.mp4,22,22,2,2
0006_02_0035.mp4,17,48,2,6
0006_02_0037.mp4,22,19,2,2
0006_02_0038.mp4,22,23,2,2
0006_02_0039.mp4,22,17,2,2
0006_02_0040.mp4,22,48,2,6
0006_02_0041.mp4,17,17,2,2
0006_02_0045.mp4,13,29,2,3
0006_02_0047.mp4,20,20,2,2
0006_02_0048.mp4,13,29,2,3
0006_02_0050.mp4,19,19,2,2
0006_02_0057.mp4,19,9,2,1
0006_02_0059.mp4,19,19,2,2
0006_02_0060.mp4,12,17,2,2
0006_02_0066.mp4,15,15,2,2
0006_02_0067.mp4,12,22,2,2
0006_02_0068.mp4,22,19,2,2
0006_02_0070.mp4,17,23,2,2
0006_02_0074.mp4,17,17,2,2
0006_02_0076.mp4,13,9,2,1
0006_02_0079.mp4,22,23,2,2
0006_02_0080.mp4,13,48,2,6
0006_02_0085.mp4,22,17,2,2
0006_02_0089.mp4,23,23,2,2
0006_02_0093.mp4,19,30,2,3
0006_02_0099.mp4,22,48,2,6
0006_02_0109.mp4,22,17,2,2
0006_02_0113.mp4,17,17,2,2
0006_02_0115.mp4,22,23,2,2
0006_02_0117.mp4,17,17,2,2
0006_02_0119.mp4,23,23,2,2
0006_02_0125.mp4,22,19,2,2
0006_02_0127.mp4,17,17,2,2
0006_02_0139.mp4,13,7,2,1
0006_02_0140.mp4,13,30,2,3
0006_02_0148.mp4,19,19,2,2
0006_02_0159.mp4,15,9,2,1
0006_02_0162.mp4,19,17,2,2
0006_02_0163.mp4,13,1,2,0
0006_02_0166.mp4,19,19,2,2
0006_02_0170.mp4,22,17,2,2
0006_02_0172.mp4,23,23,2,2
0006_02_0181.mp4,22,9,2,1
0006_02_0182.mp4,17,23,2,2
0006_03_0001.mp4,29,5,3,1
0006_03_0009.mp4,30,30,3,3
0006_03_0013.mp4,29,29,3,3
0006_03_0014.mp4,30,30,3,3
0006_03_0023.mp4,29,9,3,1
0006_03_0028.mp4,30,30,3,3
0006_03_0034.mp4,30,48,3,6
0006_03_0038.mp4,30,30,3,3
0006_03_0042.mp4,29,29,3,3
0006_03_0046.mp4,29,29,3,3
0006_03_0049.mp4,29,29,3,3
0006_03_0056.mp4,29,29,3,3
0006_03_0057.mp4,29,29,3,3
0006_03_0058.mp4,29,29,3,3
0006_03_0063.mp4,31,30,3,3
0006_03_0064.mp4,30,30,3,3
0006_03_0065.mp4,29,29,3,3
0006_05_0006.mp4,41,40,5,5
0006_05_0009.mp4,38,38,5,5
0006_05_0013.mp4,41,40,5,5
0006_06_0001.mp4,48,48,6,6
0006_06_0012.mp4,48,48,6,6
0006_06_0019.mp4,48,48,6,6
0006_06_0020.mp4,48,17,6,2
0006_06_0021.mp4,48,48,6,6
0006_06_0022.mp4,48,17,6,2
0006_06_0023.mp4,48,48,6,6
0006_06_0028.mp4,48,48,6,6
0006_06_0029.mp4,48,48,6,6
0006_06_0035.mp4,48,48,6,6
0006_06_0038.mp4,48,24,6,3
0006_06_0047.mp4,48,48,6,6
0006_06_0052.mp4,48,49,6,6
0006_06_0054.mp4,48,48,6,6
0006_06_0057.mp4,48,48,6,6
0006_06_0059.mp4,49,48,6,6
0006_06_0070.mp4,48,48,6,6
0006_06_0072.mp4,48,48,6,6
0006_06_0077.mp4,48,48,6,6
0006_06_0091.mp4,49,30,6,3
0006_06_0092.mp4,49,9,6,1
0006_06_0099.mp4,49,49,6,6
0007_00_0001.mp4,1,24,0,3
0007_00_0004.mp4,0,7,0,1
0007_01_0003.mp4,8,10,1,1
0007_01_0006.mp4,7,7,1,1
0007_01_0019.mp4,9,9,1,1
0007_01_0020.mp4,8,8,1,1
0007_01_0023.mp4,7,7,1,1
0007_01_0024.mp4,10,10,1,1
0007_01_0032.mp4,10,10,1,1
0007_01_0039.mp4,7,9,1,1
0007_01_0042.mp4,9,9,1,1
0007_01_0050.mp4,10,10,1,1
0007_01_0057.mp4,7,7,1,1
0007_01_0058.mp4,6,24,1,3
0007_01_0062.mp4,7,7,1,1
0007_01_0063.mp4,7,7,1,1
0007_01_0065.mp4,7,7,1,1
0007_01_0066.mp4,10,10,1,1
0007_01_0067.mp4,9,9,1,1
0007_01_0070.mp4,7,24,1,3
0007_01_0074.mp4,8,24,1,3
0007_01_0075.mp4,10,10,1,1
0007_01_0076.mp4,9,9,1,1
0007_01_0077.mp4,9,9,1,1
0007_01_0083.mp4,7,7,1,1
0007_01_0088.mp4,9,9,1,1
0007_01_0089.mp4,7,7,1,1
0007_01_0092.mp4,10,10,1,1
0007_01_0094.mp4,7,7,1,1
0007_01_0106.mp4,9,7,1,1
0007_01_0107.mp4,9,9,1,1
0007_01_0112.mp4,9,9,1,1
0007_01_0117.mp4,9,9,1,1
0007_01_0123.mp4,9,9,1,1
0007_01_0124.mp4,9,9,1,1
0007_01_0128.mp4,7,7,1,1
0007_01_0131.mp4,7,7,1,1
0007_01_0135.mp4,7,7,1,1
0007_01_0138.mp4,9,9,1,1
0007_02_0002.mp4,17,23,2,2
0007_02_0003.mp4,21,7,2,1
0007_02_0005.mp4,21,21,2,2
0007_02_0013.mp4,21,8,2,1
0007_03_0005.mp4,24,7,3,1
0007_03_0006.mp4,24,24,3,3
0007_04_0001.mp4,33,33,4,4
0007_05_0003.mp4,41,38,5,5
0007_05_0004.mp4,44,40,5,5
0007_05_0006.mp4,43,39,5,5
0007_05_0008.mp4,47,22,5,2
0007_05_0011.mp4,41,39,5,5
0007_06_0002.mp4,48,7,6,1
0007_06_0004.mp4,49,51,6,6
0007_06_0007.mp4,49,48,6,6
0007_06_0014.mp4,48,48,6,6
0007_06_0020.mp4,48,48,6,6
0008_01_0001.mp4,9,9,1,1
0008_01_0013.mp4,9,9,1,1
0008_01_0017.mp4,9,9,1,1
0008_01_0018.mp4,9,9,1,1
0008_01_0020.mp4,10,10,1,1
0008_01_0023.mp4,9,9,1,1
0008_01_0025.mp4,8,8,1,1
0008_01_0027.mp4,9,9,1,1
0008_01_0028.mp4,10,10,1,1
0008_01_0031.mp4,10,10,1,1
0008_01_0041.mp4,8,8,1,1
0008_01_0045.mp4,9,9,1,1
0008_01_0050.mp4,9,9,1,1
0008_01_0053.mp4,9,9,1,1
0008_01_0065.mp4,9,9,1,1
0008_01_0069.mp4,9,9,1,1
0008_01_0072.mp4,10,10,1,1
0008_01_0085.mp4,9,9,1,1
0008_01_0091.mp4,10,10,1,1
0008_01_0092.mp4,10,10,1,1
0008_01_0095.mp4,9,9,1,1
0008_01_0116.mp4,9,9,1,1
0008_01_0122.mp4,10,10,1,1
0008_01_0123.mp4,9,9,1,1
0008_01_0130.mp4,10,10,1,1
0008_01_0135.mp4,9,9,1,1
0008_01_0137.mp4,9,9,1,1
0008_01_0139.mp4,9,9,1,1
0008_01_0140.mp4,9,9,1,1
0008_01_0147.mp4,9,9,1,1
0008_01_0154.mp4,10,10,1,1
0008_01_0159.mp4,9,9,1,1
0008_01_0163.mp4,9,9,1,1
0008_01_0167.mp4,10,10,1,1
0008_01_0168.mp4,10,10,1,1
0008_01_0173.mp4,10,10,1,1
0008_01_0174.mp4,10,10,1,1
0008_01_0194.mp4,10,10,1,1
0008_01_0197.mp4,8,8,1,1
0008_01_0198.mp4,9,9,1,1
0008_01_0201.mp4,9,9,1,1
0008_01_0202.mp4,9,9,1,1
0008_01_0204.mp4,9,9,1,1
0008_01_0205.mp4,10,10,1,1
0008_01_0209.mp4,8,8,1,1
0008_02_0001.mp4,19,10,2,1
0008_05_0001.mp4,42,38,5,5
0008_05_0004.mp4,42,38,5,5
0009_01_0002.mp4,8,8,1,1
0009_01_0013.mp4,9,9,1,1
0009_01_0017.mp4,10,10,1,1
0009_01_0028.mp4,10,10,1,1
0009_01_0034.mp4,9,9,1,1
0009_01_0036.mp4,9,9,1,1
0009_01_0042.mp4,9,9,1,1
0009_01_0043.mp4,8,8,1,1
0009_01_0046.mp4,9,10,1,1
0009_01_0047.mp4,10,10,1,1
0009_01_0048.mp4,10,10,1,1
0009_01_0050.mp4,7,7,1,1
0009_01_0052.mp4,10,10,1,1
0009_01_0055.mp4,7,7,1,1
0009_01_0056.mp4,10,10,1,1
0009_01_0064.mp4,10,10,1,1
0009_01_0067.mp4,10,10,1,1
0009_01_0075.mp4,10,10,1,1
0009_01_0076.mp4,7,7,1,1
0009_01_0078.mp4,10,10,1,1
0009_01_0081.mp4,10,10,1,1
0009_01_0086.mp4,10,10,1,1
0009_01_0093.mp4,9,9,1,1
0009_01_0100.mp4,10,10,1,1
0009_01_0106.mp4,10,10,1,1
0009_01_0107.mp4,8,7,1,1
0009_01_0108.mp4,10,10,1,1
0009_01_0111.mp4,7,48,1,6
0009_01_0113.mp4,9,9,1,1
0009_01_0114.mp4,9,9,1,1
0009_01_0139.mp4,8,5,1,1
0009_02_0005.mp4,12,32,2,4
0009_03_0001.mp4,31,6,3,1
0009_03_0003.mp4,31,24,3,3
0009_03_0005.mp4,31,9,3,1
0009_03_0007.mp4,31,31,3,3
0009_06_0001.mp4,49,7,6,1
0009_06_0003.mp4,48,10,6,1
0010_00_0002.mp4,0,28,0,3
0010_01_0001.mp4,9,31,1,3
0010_01_0002.mp4,9,9,1,1
0010_01_0004.mp4,9,9,1,1
0010_01_0005.mp4,10,10,1,1
0010_01_0006.mp4,10,10,1,1
0010_01_0007.mp4,9,9,1,1
0010_01_0020.mp4,8,8,1,1
0010_01_0025.mp4,10,10,1,1
0010_01_0034.mp4,9,9,1,1
0010_01_0037.mp4,8,8,1,1
0010_01_0047.mp4,6,8,1,1
0010_01_0054.mp4,10,10,1,1
0010_01_0056.mp4,8,8,1,1
0010_01_0061.mp4,8,8,1,1
0010_01_0063.mp4,8,24,1,3
0010_01_0078.mp4,10,10,1,1
0010_01_0084.mp4,10,10,1,1
0010_01_0096.mp4,6,20,1,2
0010_01_0099.mp4,8,8,1,1
0010_02_0001.mp4,12,48,2,6
0010_02_0002.mp4,21,14,2,2
0010_02_0003.mp4,21,21,2,2
0010_02_0006.mp4,21,23,2,2
0010_02_0007.mp4,21,12,2,2
0010_02_0008.mp4,21,23,2,2
0010_02_0010.mp4,21,8,2,1
0010_02_0013.mp4,21,21,2,2
0010_02_0015.mp4,21,21,2,2
0010_02_0018.mp4,21,21,2,2
0010_02_0023.mp4,21,12,2,2
0010_02_0027.mp4,21,21,2,2
0010_02_0029.mp4,21,8,2,1
0010_02_0032.mp4,21,30,2,3
0010_02_0033.mp4,21,21,2,2
0010_02_0042.mp4,13,29,2,3
0010_02_0049.mp4,21,23,2,2
0010_02_0050.mp4,21,23,2,2
0010_02_0051.mp4,21,16,2,2
0010_02_0055.mp4,21,23,2,2
0010_02_0058.mp4,21,21,2,2
0010_02_0059.mp4,21,21,2,2
0010_02_0064.mp4,21,23,2,2
0010_02_0066.mp4,22,21,2,2
0010_02_0073.mp4,21,23,2,2
0010_02_0074.mp4,23,23,2,2
0010_02_0075.mp4,21,20,2,2
0010_02_0078.mp4,21,23,2,2
0010_02_0081.mp4,23,23,2,2
0010_02_0083.mp4,23,23,2,2
0010_02_0089.mp4,22,23,2,2
0010_02_0090.mp4,23,23,2,2
0010_02_0092.mp4,23,23,2,2
0010_02_0094.mp4,21,21,2,2
0010_02_0102.mp4,21,21,2,2
0010_02_0103.mp4,23,23,2,2
0010_02_0107.mp4,23,23,2,2
0010_02_0109.mp4,23,23,2,2
0010_02_0113.mp4,23,19,2,2
0010_02_0115.mp4,13,27,2,3
0010_02_0118.mp4,21,24,2,3
0010_02_0119.mp4,21,24,2,3
0010_02_0121.mp4,21,16,2,2
0010_02_0122.mp4,21,24,2,3
0010_02_0125.mp4,21,23,2,2
0010_02_0126.mp4,23,23,2,2
0010_02_0138.mp4,23,27,2,3
0010_02_0139.mp4,20,8,2,1
0010_02_0151.mp4,16,28,2,3
0010_02_0155.mp4,20,23,2,2
0010_02_0156.mp4,16,28,2,3
0010_02_0161.mp4,16,17,2,2
0010_02_0178.mp4,21,23,2,2
0010_02_0179.mp4,23,23,2,2
0010_02_0182.mp4,11,11,2,2
0010_02_0199.mp4,16,16,2,2
0010_02_0200.mp4,23,23,2,2
0010_02_0207.mp4,23,23,2,2
0010_02_0208.mp4,16,20,2,2
0010_02_0209.mp4,23,23,2,2
0010_02_0215.mp4,21,14,2,2
0010_02_0216.mp4,21,14,2,2
0010_02_0218.mp4,21,8,2,1
0010_02_0221.mp4,14,14,2,2
0010_02_0222.mp4,14,14,2,2
0010_02_0227.mp4,21,23,2,2
0010_02_0230.mp4,20,23,2,2
0010_02_0231.mp4,23,23,2,2
0010_03_0001.mp4,27,27,3,3
0010_03_0028.mp4,28,28,3,3
0010_03_0030.mp4,31,21,3,2
0010_03_0032.mp4,26,29,3,3
0010_03_0035.mp4,27,27,3,3
0010_03_0047.mp4,29,6,3,1
0010_03_0050.mp4,27,27,3,3
0010_03_0053.mp4,27,27,3,3
0010_03_0057.mp4,27,27,3,3
0010_03_0060.mp4,29,29,3,3
0010_03_0062.mp4,31,23,3,2
0010_03_0063.mp4,31,0,3,0
0010_03_0072.mp4,26,26,3,3
0010_03_0077.mp4,29,29,3,3
0010_03_0080.mp4,26,27,3,3
0011_00_0004.mp4,0,2,0,0
0011_00_0019.mp4,1,24,0,3
0011_00_0021.mp4,0,2,0,0
0011_00_0022.mp4,0,24,0,3
0011_00_0023.mp4,1,2,0,0
0011_00_0025.mp4,0,24,0,3
0011_00_0026.mp4,0,24,0,3
0011_00_0029.mp4,0,2,0,0
0011_00_0035.mp4,0,49,0,6
0011_00_0036.mp4,1,49,0,6
0011_00_0037.mp4,1,2,0,0
0011_00_0040.mp4,0,24,0,3
0011_02_0001.mp4,17,48,2,6
0011_02_0004.mp4,17,48,2,6
0011_03_0001.mp4,27,49,3,6
0011_05_0001.mp4,43,38,5,5
0011_06_0004.mp4,49,9,6,1
0011_06_0006.mp4,48,48,6,6
0011_06_0010.mp4,49,49,6,6
0011_06_0013.mp4,48,48,6,6
0011_06_0020.mp4,49,49,6,6
0012_00_0004.mp4,0,0,0,0
0012_01_0005.mp4,8,8,1,1
0012_01_0006.mp4,8,8,1,1
0012_01_0007.mp4,5,5,1,1
0012_01_0008.mp4,8,23,1,2
0012_01_0013.mp4,6,6,1,1
0012_01_0017.mp4,6,6,1,1
0012_01_0020.mp4,5,5,1,1
0012_01_0024.mp4,5,30,1,3
0012_01_0025.mp4,5,30,1,3
0012_01_0027.mp4,9,9,1,1
0012_01_0033.mp4,7,7,1,1
0012_01_0036.mp4,6,49,1,6
0012_02_0001.mp4,12,36,2,4
0012_02_0005.mp4,11,11,2,2
0012_02_0007.mp4,11,12,2,2
0012_02_0008.mp4,20,49,2,6
0012_02_0013.mp4,12,35,2,4
0012_02_0015.mp4,12,12,2,2
0012_03_0001.mp4,24,5,3,1
0012_03_0007.mp4,24,49,3,6
0012_04_0003.mp4,35,5,4,1
0012_05_0002.mp4,42,39,5,5
0012_05_0004.mp4,40,38,5,5
0012_06_0001.mp4,48,5,6,1
0012_06_0002.mp4,48,48,6,6
0012_06_0016.mp4,49,49,6,6
0012_06_0018.mp4,49,49,6,6
0012_06_0019.mp4,49,49,6,6
0012_06_0021.mp4,49,49,6,6
0012_06_0022.mp4,49,49,6,6
0012_06_0025.mp4,49,49,6,6
0012_06_0028.mp4,49,49,6,6
0012_06_0032.mp4,49,49,6,6
0012_06_0033.mp4,49,49,6,6
0012_06_0035.mp4,49,49,6,6
0012_06_0041.mp4,49,49,6,6
0012_06_0042.mp4,49,49,6,6
0012_06_0043.mp4,49,49,6,6
0012_06_0045.mp4,49,49,6,6
0012_06_0048.mp4,49,49,6,6
0012_06_0052.mp4,49,49,6,6
0012_06_0054.mp4,49,49,6,6
0012_06_0067.mp4,48,6,6,1
0013_00_0005.mp4,0,4,0,0
0013_01_0005.mp4,8,8,1,1
0013_01_0006.mp4,10,10,1,1
0013_01_0010.mp4,7,8,1,1
0013_01_0016.mp4,10,10,1,1
0013_01_0017.mp4,10,10,1,1
0013_01_0019.mp4,10,10,1,1
0013_01_0025.mp4,9,24,1,3
0013_01_0033.mp4,9,9,1,1
0013_01_0041.mp4,5,8,1,1
0013_01_0042.mp4,5,8,1,1
0013_01_0050.mp4,10,10,1,1
0013_02_0011.mp4,19,24,2,3
0013_02_0012.mp4,19,19,2,2
0013_02_0016.mp4,15,17,2,2
0013_02_0018.mp4,22,23,2,2
0013_02_0031.mp4,12,24,2,3
0013_03_0001.mp4,28,29,3,3
0013_03_0007.mp4,24,24,3,3
0013_03_0008.mp4,24,48,3,6
0013_03_0010.mp4,24,24,3,3
0013_03_0012.mp4,24,24,3,3
0013_03_0013.mp4,24,17,3,2
0013_03_0020.mp4,24,24,3,3
0013_03_0028.mp4,24,24,3,3
0013_05_0002.mp4,43,40,5,5
0013_06_0003.mp4,49,17,6,2
0013_06_0005.mp4,49,8,6,1
0013_06_0010.mp4,49,49,6,6
0013_06_0023.mp4,49,24,6,3
0013_06_0028.mp4,49,24,6,3
0014_01_0009.mp4,8,8,1,1
0014_01_0021.mp4,10,10,1,1
0014_01_0035.mp4,9,9,1,1
0014_01_0039.mp4,9,9,1,1
0014_01_0041.mp4,10,8,1,1
0014_01_0046.mp4,10,10,1,1
0014_01_0048.mp4,10,10,1,1
0014_01_0058.mp4,8,8,1,1
0014_01_0067.mp4,10,10,1,1
0014_01_0070.mp4,10,10,1,1
0014_01_0072.mp4,9,24,1,3
0014_01_0073.mp4,8,8,1,1
0014_01_0074.mp4,8,8,1,1
0014_01_0078.mp4,8,8,1,1
0014_01_0079.mp4,9,9,1,1
0014_01_0080.mp4,9,9,1,1
0014_01_0082.mp4,9,9,1,1
0014_01_0089.mp4,8,8,1,1
0014_01_0091.mp4,8,8,1,1
0014_01_0093.mp4,10,10,1,1
0014_01_0100.mp4,9,9,1,1
0014_01_0104.mp4,10,10,1,1
0014_02_0005.mp4,21,21,2,2
0014_02_0007.mp4,16,16,2,2
0014_02_0010.mp4,16,24,2,3
0014_02_0012.mp4,11,22,2,2
0014_02_0025.mp4,16,16,2,2
0014_02_0027.mp4,13,21,2,2
0014_02_0030.mp4,21,21,2,2
0014_02_0032.mp4,16,16,2,2
0014_02_0038.mp4,21,8,2,1
0014_02_0042.mp4,16,24,2,3
0014_02_0045.mp4,21,21,2,2
0014_02_0046.mp4,22,16,2,2
0014_03_0003.mp4,24,8,3,1
0014_03_0007.mp4,24,24,3,3
0014_03_0011.mp4,24,8,3,1
0014_03_0014.mp4,24,9,3,1
0014_06_0012.mp4,49,31,6,3
0014_06_0013.mp4,49,8,6,1
0015_00_0001.mp4,0,2,0,0
0015_00_0009.mp4,0,8,0,1
0015_00_0010.mp4,0,7,0,1
0015_01_0001.mp4,9,9,1,1
0015_01_0005.mp4,9,9,1,1
0015_01_0009.mp4,9,9,1,1
0015_01_0011.mp4,9,9,1,1
0015_01_0013.mp4,10,10,1,1
0015_01_0014.mp4,9,9,1,1
0015_01_0016.mp4,9,9,1,1
0015_01_0033.mp4,9,9,1,1
0015_01_0039.mp4,9,9,1,1
0015_01_0042.mp4,10,10,1,1
0015_01_0044.mp4,8,8,1,1
0015_01_0045.mp4,9,9,1,1
0015_01_0050.mp4,9,9,1,1
0015_01_0056.mp4,9,9,1,1
0015_01_0059.mp4,8,8,1,1
0015_01_0065.mp4,9,9,1,1
0015_01_0067.mp4,8,8,1,1
0015_01_0069.mp4,10,10,1,1
0015_01_0074.mp4,10,10,1,1
0015_01_0077.mp4,8,8,1,1
0015_01_0080.mp4,9,9,1,1
0015_01_0082.mp4,9,9,1,1
0015_01_0083.mp4,10,10,1,1
0015_01_0085.mp4,10,10,1,1
0015_01_0090.mp4,10,10,1,1
0015_01_0095.mp4,10,10,1,1
0015_01_0098.mp4,10,10,1,1
0015_01_0102.mp4,9,9,1,1
0015_01_0103.mp4,10,10,1,1
0015_01_0104.mp4,8,8,1,1
0015_01_0105.mp4,9,9,1,1
0015_01_0107.mp4,8,8,1,1
0015_01_0110.mp4,9,9,1,1
0015_01_0116.mp4,9,9,1,1
0015_01_0118.mp4,10,36,1,4
0015_01_0124.mp4,9,9,1,1
0015_01_0130.mp4,8,8,1,1
0015_01_0133.mp4,9,9,1,1
0015_01_0141.mp4,10,10,1,1
0015_01_0148.mp4,10,8,1,1
0015_01_0161.mp4,9,9,1,1
0015_01_0165.mp4,10,24,1,3
0015_01_0169.mp4,9,9,1,1
0015_01_0174.mp4,8,8,1,1
0015_01_0175.mp4,9,9,1,1
0015_01_0176.mp4,10,10,1,1
0015_01_0177.mp4,9,9,1,1
0015_01_0181.mp4,10,10,1,1
0015_01_0182.mp4,9,9,1,1
0015_01_0190.mp4,9,9,1,1
0015_01_0198.mp4,10,10,1,1
0015_01_0207.mp4,9,9,1,1
0015_01_0213.mp4,10,10,1,1
0015_01_0225.mp4,10,10,1,1
0015_01_0228.mp4,9,9,1,1
0015_01_0234.mp4,9,9,1,1
0015_01_0237.mp4,8,8,1,1
0015_01_0241.mp4,9,9,1,1
0015_01_0243.mp4,10,10,1,1
0015_01_0244.mp4,9,9,1,1
0015_01_0245.mp4,10,10,1,1
0015_01_0246.mp4,10,10,1,1
0015_01_0254.mp4,10,8,1,1
0015_01_0260.mp4,10,10,1,1
0015_01_0261.mp4,9,19,1,2
0015_01_0263.mp4,9,9,1,1
0015_01_0271.mp4,9,9,1,1
0015_01_0275.mp4,8,10,1,1
0015_01_0277.mp4,8,10,1,1
0015_01_0279.mp4,9,9,1,1
0015_01_0290.mp4,10,10,1,1
0015_01_0295.mp4,9,9,1,1
0015_01_0301.mp4,8,8,1,1
0015_01_0304.mp4,9,9,1,1
0015_01_0315.mp4,9,9,1,1
0015_01_0317.mp4,8,8,1,1
0015_01_0320.mp4,10,10,1,1
0015_01_0322.mp4,8,10,1,1
0015_01_0323.mp4,9,9,1,1
0015_01_0324.mp4,9,8,1,1
0015_01_0328.mp4,10,10,1,1
0015_01_0334.mp4,7,7,1,1
0015_01_0336.mp4,9,9,1,1
0015_01_0338.mp4,9,9,1,1
0015_02_0008.mp4,21,31,2,3
0015_02_0012.mp4,11,10,2,1
0015_03_0004.mp4,31,9,3,1
0015_03_0005.mp4,31,8,3,1
0015_04_0003.mp4,34,34,4,4
0015_04_0007.mp4,34,34,4,4
0015_04_0016.mp4,36,36,4,4
0015_04_0017.mp4,36,9,4,1
0015_04_0018.mp4,36,36,4,4
0015_04_0019.mp4,36,8,4,1
0015_04_0027.mp4,36,36,4,4
0015_04_0029.mp4,36,36,4,4
0015_04_0030.mp4,36,36,4,4
0015_04_0034.mp4,36,10,4,1
0015_04_0039.mp4,36,36,4,4
0015_04_0045.mp4,36,36,4,4
0015_04_0050.mp4,36,9,4,1
0015_05_0003.mp4,38,38,5,5
0015_05_0005.mp4,46,40,5,5
0015_05_0011.mp4,38,38,5,5
0015_05_0014.mp4,38,38,5,5
0015_06_0007.mp4,49,49,6,6
0016_00_0002.mp4,0,31,0,3
0016_00_0003.mp4,0,31,0,3
0016_00_0009.mp4,0,49,0,6
0016_00_0011.mp4,0,0,0,0
0016_00_0013.mp4,0,31,0,3
0016_00_0014.mp4,0,31,0,3
0016_00_0015.mp4,0,49,0,6
0016_00_0018.mp4,0,1,0,0
0016_00_0022.mp4,0,0,0,0
0016_00_0029.mp4,0,31,0,3
0016_00_0030.mp4,0,31,0,3
0016_00_0033.mp4,0,31,0,3
0016_00_0039.mp4,0,31,0,3
0016_00_0045.mp4,0,31,0,3
0016_00_0050.mp4,0,0,0,0
0016_00_0057.mp4,0,0,0,0
0016_00_0070.mp4,0,31,0,3
0016_00_0071.mp4,1,10,0,1
0016_00_0073.mp4,0,31,0,3
0016_00_0075.mp4,0,31,0,3
0016_00_0083.mp4,1,31,0,3
0016_00_0084.mp4,0,31,0,3
0016_00_0091.mp4,0,24,0,3
0016_00_0092.mp4,0,24,0,3
0016_00_0099.mp4,1,49,0,6
0016_00_0109.mp4,1,31,0,3
0016_00_0114.mp4,1,49,0,6
0016_01_0003.mp4,9,9,1,1
0016_01_0007.mp4,9,9,1,1
0016_01_0008.mp4,5,5,1,1
0016_01_0009.mp4,6,9,1,1
0016_01_0011.mp4,10,10,1,1
0016_01_0015.mp4,9,29,1,3
0016_01_0022.mp4,9,9,1,1
0016_01_0029.mp4,10,10,1,1
0016_01_0032.mp4,10,10,1,1
0016_01_0036.mp4,9,9,1,1
0016_01_0040.mp4,10,31,1,3
0016_01_0043.mp4,7,31,1,3
0016_01_0045.mp4,10,10,1,1
0016_01_0046.mp4,10,10,1,1
0016_01_0052.mp4,10,10,1,1
0016_01_0053.mp4,10,31,1,3
0016_01_0057.mp4,7,31,1,3
0016_01_0058.mp4,9,31,1,3
0016_01_0062.mp4,9,9,1,1
0016_01_0067.mp4,7,31,1,3
0016_01_0073.mp4,10,10,1,1
0016_01_0074.mp4,10,10,1,1
0016_01_0075.mp4,10,31,1,3
0016_01_0077.mp4,7,8,1,1
0016_01_0079.mp4,10,10,1,1
0016_01_0082.mp4,10,10,1,1
0016_01_0083.mp4,7,7,1,1
0016_01_0084.mp4,9,31,1,3
0016_01_0085.mp4,10,10,1,1
0016_01_0095.mp4,9,9,1,1
0016_01_0096.mp4,10,10,1,1
0016_01_0101.mp4,9,9,1,1
0016_01_0102.mp4,9,9,1,1
0016_01_0104.mp4,10,10,1,1
0016_01_0111.mp4,9,9,1,1
0016_01_0113.mp4,9,9,1,1
0016_01_0115.mp4,9,31,1,3
0016_01_0116.mp4,9,9,1,1
0016_01_0118.mp4,10,10,1,1
0016_01_0120.mp4,10,10,1,1
0016_01_0125.mp4,7,7,1,1
0016_01_0127.mp4,10,10,1,1
0016_01_0131.mp4,9,9,1,1
0016_01_0132.mp4,9,9,1,1
0016_01_0134.mp4,9,9,1,1
0016_01_0144.mp4,9,0,1,0
0016_01_0145.mp4,9,31,1,3
0016_02_0015.mp4,13,49,2,6
0016_02_0017.mp4,12,33,2,4
0016_02_0018.mp4,11,23,2,2
0016_02_0019.mp4,21,31,2,3
0016_02_0027.mp4,13,31,2,3
0016_03_0003.mp4,31,31,3,3
0016_03_0004.mp4,31,31,3,3
0016_03_0010.mp4,31,31,3,3
0016_03_0014.mp4,31,9,3,1
0016_03_0028.mp4,31,9,3,1
0016_03_0031.mp4,31,31,3,3
0016_03_0032.mp4,31,31,3,3
0016_03_0035.mp4,31,31,3,3
0016_03_0037.mp4,31,31,3,3
0016_03_0042.mp4,31,31,3,3
0016_03_0047.mp4,31,9,3,1
0016_03_0052.mp4,29,29,3,3
0016_03_0053.mp4,31,31,3,3
0016_03_0054.mp4,31,31,3,3
0016_03_0056.mp4,31,31,3,3
0016_03_0064.mp4,31,31,3,3
0016_03_0065.mp4,31,31,3,3
0016_03_0072.mp4,31,31,3,3
0016_03_0073.mp4,31,31,3,3
0016_03_0074.mp4,31,31,3,3
0016_03_0075.mp4,31,31,3,3
0016_03_0084.mp4,31,31,3,3
0016_03_0088.mp4,31,31,3,3
0016_03_0091.mp4,31,31,3,3
0016_03_0104.mp4,31,31,3,3
0016_03_0105.mp4,31,1,3,0
0016_03_0108.mp4,31,31,3,3
0016_03_0113.mp4,31,31,3,3
0016_03_0115.mp4,31,31,3,3
0016_03_0121.mp4,31,31,3,3
0016_03_0123.mp4,31,31,3,3
0016_03_0125.mp4,31,31,3,3
0016_03_0127.mp4,31,31,3,3
0016_03_0130.mp4,29,29,3,3
0016_03_0133.mp4,29,49,3,6
0016_03_0135.mp4,31,31,3,3
0016_03_0146.mp4,31,31,3,3
0016_03_0149.mp4,27,9,3,1
0016_03_0150.mp4,31,31,3,3
0016_03_0152.mp4,31,31,3,3
0016_03_0155.mp4,31,31,3,3
0016_03_0163.mp4,31,31,3,3
0016_03_0164.mp4,31,31,3,3
0016_03_0169.mp4,31,49,3,6
0016_03_0172.mp4,31,31,3,3
0016_03_0173.mp4,31,31,3,3
0016_03_0175.mp4,31,31,3,3
0016_03_0178.mp4,31,31,3,3
0016_03_0179.mp4,31,31,3,3
0016_03_0181.mp4,30,30,3,3
0016_03_0189.mp4,31,31,3,3
0016_03_0196.mp4,31,31,3,3
0016_03_0203.mp4,30,49,3,6
0016_03_0210.mp4,31,31,3,3
0016_03_0213.mp4,30,49,3,6
0016_03_0215.mp4,31,8,3,1
0016_03_0218.mp4,31,31,3,3
0016_03_0222.mp4,31,31,3,3
0016_05_0002.mp4,44,39,5,5
0016_05_0004.mp4,41,29,5,3
0016_06_0003.mp4,49,31,6,3
0016_06_0004.mp4,49,48,6,6
0016_06_0009.mp4,49,30,6,3
0016_06_0015.mp4,49,31,6,3
0016_06_0023.mp4,49,9,6,1
0016_06_0028.mp4,49,29,6,3
0016_06_0030.mp4,49,49,6,6
0016_06_0032.mp4,49,49,6,6
0016_06_0037.mp4,49,49,6,6
0016_06_0041.mp4,49,49,6,6
0016_06_0043.mp4,49,49,6,6
0016_06_0046.mp4,49,49,6,6
0016_06_0048.mp4,49,49,6,6
0016_06_0051.mp4,49,49,6,6
0016_06_0052.mp4,48,29,6,3
0016_06_0054.mp4,49,49,6,6
0016_06_0055.mp4,49,49,6,6
0016_06_0057.mp4,49,31,6,3
0016_06_0060.mp4,49,50,6,6
0016_06_0064.mp4,49,49,6,6
0016_06_0066.mp4,49,49,6,6
0016_06_0072.mp4,49,49,6,6
0016_06_0075.mp4,49,17,6,2
0016_06_0082.mp4,49,49,6,6
0016_06_0083.mp4,49,50,6,6
0016_06_0092.mp4,49,49,6,6
0016_06_0093.mp4,49,49,6,6
0017_00_0002.mp4,4,4,0,0
0017_00_0003.mp4,3,8,0,1
0017_01_0002.mp4,9,9,1,1
0017_01_0004.mp4,9,9,1,1
0017_01_0012.mp4,10,10,1,1
0017_01_0020.mp4,10,10,1,1
0017_01_0024.mp4,10,10,1,1
0017_01_0028.mp4,10,10,1,1
0017_01_0033.mp4,10,10,1,1
0017_01_0042.mp4,10,10,1,1
0017_01_0047.mp4,10,10,1,1
0017_01_0055.mp4,10,10,1,1
0017_01_0062.mp4,10,10,1,1
0017_01_0065.mp4,8,8,1,1
0017_01_0067.mp4,9,9,1,1
0017_01_0071.mp4,8,8,1,1
0017_01_0072.mp4,5,8,1,1
0017_01_0079.mp4,10,10,1,1
0017_01_0082.mp4,9,9,1,1
0017_01_0100.mp4,7,7,1,1
0017_01_0117.mp4,10,10,1,1
0017_01_0118.mp4,9,9,1,1
0017_01_0119.mp4,10,10,1,1
0017_01_0126.mp4,8,7,1,1
0017_01_0129.mp4,9,9,1,1
0017_01_0134.mp4,10,10,1,1
0017_01_0137.mp4,9,9,1,1
0017_01_0140.mp4,8,24,1,3
0017_01_0143.mp4,8,8,1,1
0017_01_0144.mp4,8,8,1,1
0017_01_0147.mp4,5,6,1,1
0017_01_0148.mp4,5,5,1,1
0017_01_0150.mp4,5,5,1,1
0017_01_0153.mp4,8,24,1,3
0017_01_0154.mp4,6,6,1,1
0017_01_0155.mp4,8,8,1,1
0017_01_0157.mp4,8,29,1,3
0017_01_0160.mp4,8,8,1,1
0017_01_0165.mp4,6,6,1,1
0017_01_0176.mp4,8,8,1,1
0017_01_0177.mp4,10,10,1,1
0017_02_0011.mp4,21,5,2,1
0017_02_0012.mp4,21,5,2,1
0017_02_0018.mp4,12,39,2,5
0017_02_0021.mp4,13,31,2,3
0017_03_0002.mp4,24,24,3,3
0017_03_0005.mp4,24,8,3,1
0017_03_0009.mp4,24,24,3,3
0017_03_0012.mp4,26,6,3,1
0017_03_0013.mp4,29,8,3,1
0017_05_0002.mp4,43,23,5,2
0017_05_0006.mp4,41,38,5,5
0018_00_0002.mp4,0,49,0,6
0018_00_0004.mp4,0,0,0,0
0018_00_0007.mp4,2,49,0,6
0018_00_0011.mp4,0,49,0,6
0018_01_0003.mp4,9,49,1,6
0018_01_0009.mp4,9,9,1,1
0018_01_0015.mp4,9,9,1,1
0018_02_0005.mp4,18,12,2,2
0018_02_0006.mp4,11,11,2,2
0018_03_0002.mp4,24,9,3,1
0018_03_0005.mp4,26,29,3,3
0018_03_0006.mp4,27,49,3,6
0018_06_0013.mp4,49,49,6,6
0018_06_0015.mp4,49,49,6,6
0018_06_0018.mp4,49,49,6,6
0018_06_0021.mp4,49,49,6,6
0018_06_0023.mp4,49,49,6,6
0018_06_0025.mp4,48,48,6,6
0018_06_0028.mp4,49,49,6,6
0018_06_0031.mp4,49,49,6,6
0018_06_0035.mp4,49,49,6,6
0018_06_0037.mp4,49,49,6,6
0018_06_0040.mp4,49,49,6,6
0018_06_0050.mp4,49,49,6,6
0018_06_0051.mp4,49,49,6,6
0018_06_0058.mp4,49,49,6,6
0018_06_0069.mp4,49,23,6,2
0018_06_0071.mp4,49,49,6,6
0019_01_0002.mp4,9,9,1,1
0019_01_0008.mp4,8,8,1,1
0019_01_0010.mp4,9,9,1,1
0019_01_0014.mp4,9,7,1,1
0019_01_0015.mp4,9,9,1,1
0019_01_0020.mp4,9,9,1,1
0019_01_0024.mp4,9,9,1,1
0019_01_0030.mp4,10,10,1,1
0019_01_0032.mp4,7,48,1,6
0019_01_0033.mp4,7,10,1,1
0019_01_0041.mp4,9,9,1,1
0019_01_0046.mp4,10,7,1,1
0019_01_0048.mp4,9,30,1,3
0019_01_0050.mp4,5,5,1,1
0019_01_0058.mp4,7,0,1,0
0019_01_0059.mp4,10,10,1,1
0019_01_0060.mp4,7,49,1,6
0019_01_0075.mp4,8,7,1,1
0019_01_0088.mp4,7,7,1,1
0019_01_0089.mp4,7,7,1,1
0019_01_0092.mp4,9,9,1,1
0019_01_0095.mp4,7,7,1,1
0019_01_0103.mp4,7,7,1,1
0019_01_0104.mp4,7,31,1,3
0019_01_0105.mp4,9,9,1,1
0019_01_0109.mp4,9,9,1,1
0019_02_0003.mp4,17,17,2,2
0019_02_0005.mp4,17,17,2,2
0019_02_0006.mp4,18,48,2,6
0019_02_0012.mp4,23,23,2,2
0019_02_0019.mp4,17,7,2,1
0019_02_0020.mp4,17,48,2,6
0019_02_0021.mp4,20,23,2,2
0019_02_0022.mp4,20,23,2,2
0019_02_0024.mp4,23,17,2,2
0019_02_0026.mp4,19,48,2,6
0019_02_0029.mp4,17,23,2,2
0019_02_0032.mp4,20,49,2,6
0019_02_0036.mp4,17,48,2,6
0019_02_0038.mp4,22,23,2,2
0019_02_0040.mp4,13,23,2,2
0019_02_0043.mp4,22,17,2,2
0019_02_0048.mp4,17,7,2,1
0019_02_0054.mp4,22,48,2,6
0019_02_0056.mp4,20,48,2,6
0019_03_0006.mp4,31,31,3,3
0019_03_0008.mp4,31,31,3,3
0019_03_0009.mp4,31,24,3,3
0019_03_0012.mp4,31,31,3,3
0019_03_0016.mp4,31,49,3,6
0019_03_0019.mp4,31,31,3,3
0019_03_0021.mp4,31,31,3,3
0019_03_0024.mp4,26,7,3,1
0019_05_0001.mp4,41,23,5,2
0019_05_0002.mp4,41,17,5,2
0019_06_0004.mp4,48,48,6,6
0019_06_0006.mp4,48,17,6,2
0019_06_0009.mp4,49,49,6,6
0019_06_0011.mp4,49,1,6,0
0019_06_0013.mp4,48,48,6,6
0019_06_0014.mp4,48,48,6,6
0019_06_0025.mp4,49,48,6,6
0019_06_0029.mp4,49,4,6,0
0019_06_0030.mp4,48,48,6,6
0019_06_0033.mp4,49,48,6,6
0019_06_0034.mp4,49,48,6,6
0019_06_0036.mp4,48,48,6,6
0019_06_0037.mp4,49,49,6,6
0019_06_0039.mp4,49,48,6,6
0019_06_0044.mp4,49,49,6,6
0019_06_0046.mp4,49,7,6,1
0019_06_0048.mp4,49,23,6,2
0019_06_0052.mp4,49,4,6,0
0019_06_0063.mp4,49,7,6,1
0019_06_0069.mp4,49,48,6,6
0019_06_0070.mp4,49,49,6,6
0019_06_0082.mp4,49,48,6,6
0019_06_0086.mp4,49,7,6,1
0020_00_0001.mp4,0,30,0,3
0020_00_0003.mp4,1,1,0,0
0020_00_0009.mp4,1,6,0,1
0020_00_0010.mp4,1,1,0,0
0020_00_0015.mp4,4,4,0,0
0020_01_0002.mp4,9,9,1,1
0020_01_0006.mp4,8,8,1,1
0020_01_0011.mp4,7,10,1,1
0020_01_0017.mp4,10,10,1,1
0020_01_0020.mp4,8,8,1,1
0020_01_0023.mp4,9,9,1,1
0020_01_0024.mp4,6,9,1,1
0020_01_0033.mp4,10,10,1,1
0020_01_0036.mp4,7,26,1,3
0020_01_0037.mp4,9,6,1,1
0020_01_0044.mp4,9,9,1,1
0020_01_0048.mp4,8,8,1,1
0020_01_0053.mp4,9,49,1,6
0020_01_0055.mp4,9,49,1,6
0020_01_0056.mp4,9,9,1,1
0020_01_0058.mp4,9,9,1,1
0020_01_0062.mp4,10,10,1,1
0020_01_0063.mp4,7,30,1,3
0020_01_0068.mp4,10,10,1,1
0020_01_0070.mp4,10,49,1,6
0020_01_0072.mp4,5,8,1,1
0020_01_0083.mp4,10,31,1,3
0020_01_0087.mp4,9,40,1,5
0020_01_0092.mp4,9,9,1,1
0020_01_0099.mp4,10,10,1,1
0020_01_0101.mp4,7,49,1,6
0020_01_0107.mp4,7,8,1,1
0020_01_0113.mp4,5,5,1,1
0020_01_0117.mp4,9,8,1,1
0020_01_0121.mp4,9,9,1,1
0020_01_0127.mp4,7,9,1,1
0020_01_0130.mp4,5,5,1,1
0020_01_0131.mp4,10,10,1,1
0020_01_0135.mp4,7,24,1,3
0020_01_0136.mp4,9,9,1,1
0020_02_0003.mp4,12,27,2,3
0020_02_0006.mp4,12,5,2,1
0020_03_0001.mp4,26,9,3,1
0020_03_0006.mp4,27,9,3,1
0020_03_0012.mp4,26,26,3,3
0020_03_0013.mp4,30,31,3,3
0020_03_0014.mp4,27,27,3,3
0020_03_0019.mp4,26,29,3,3
0020_03_0020.mp4,30,30,3,3
0020_03_0021.mp4,29,49,3,6
0020_03_0022.mp4,30,30,3,3
0020_03_0023.mp4,30,30,3,3
0020_03_0026.mp4,27,27,3,3
0020_03_0028.mp4,27,10,3,1
0020_03_0035.mp4,29,24,3,3
0020_03_0043.mp4,30,30,3,3
0020_03_0051.mp4,29,29,3,3
0020_03_0057.mp4,27,49,3,6
0020_03_0060.mp4,29,5,3,1
0020_03_0064.mp4,26,26,3,3
0020_03_0068.mp4,26,6,3,1
0020_03_0069.mp4,27,27,3,3
0020_03_0075.mp4,26,7,3,1
0020_03_0076.mp4,29,5,3,1
0020_03_0078.mp4,26,26,3,3
0020_03_0079.mp4,27,4,3,0
0020_03_0086.mp4,27,27,3,3
0020_03_0087.mp4,29,29,3,3
0020_04_0001.mp4,37,22,4,2
0020_06_0004.mp4,49,49,6,6
0020_06_0005.mp4,49,49,6,6
0020_06_0014.mp4,49,27,6,3
0020_06_0015.mp4,48,5,6,1
0020_06_0026.mp4,49,49,6,6
0020_06_0034.mp4,49,4,6,0
0020_06_0036.mp4,49,49,6,6
0020_06_0042.mp4,49,49,6,6
0020_06_0043.mp4,49,23,6,2
0021_01_0001.mp4,9,9,1,1
0021_01_0006.mp4,9,9,1,1
0021_01_0008.mp4,5,5,1,1
0021_01_0010.mp4,9,9,1,1
0021_01_0011.mp4,9,2,1,0
0021_01_0012.mp4,8,8,1,1
0021_01_0014.mp4,9,9,1,1
0021_01_0015.mp4,9,9,1,1
0021_01_0017.mp4,9,9,1,1
0021_01_0022.mp4,9,9,1,1
0021_01_0024.mp4,5,8,1,1
0021_01_0028.mp4,8,8,1,1
0021_01_0030.mp4,9,9,1,1
0021_01_0031.mp4,9,9,1,1
0021_01_0034.mp4,9,9,1,1
0021_01_0040.mp4,9,31,1,3
0021_01_0041.mp4,7,9,1,1
0021_01_0055.mp4,9,23,1,2
0021_01_0061.mp4,10,1,1,0
0021_01_0062.mp4,9,9,1,1
0021_01_0063.mp4,8,8,1,1
0021_01_0066.mp4,9,9,1,1
0021_01_0069.mp4,8,8,1,1
0021_01_0072.mp4,9,9,1,1
0021_02_0003.mp4,17,23,2,2
0021_02_0004.mp4,17,19,2,2
0021_02_0010.mp4,23,17,2,2
0021_02_0012.mp4,17,17,2,2
0021_02_0015.mp4,17,17,2,2
0021_02_0022.mp4,17,8,2,1
0021_02_0030.mp4,17,23,2,2
0021_02_0033.mp4,17,19,2,2
0021_02_0035.mp4,17,23,2,2
0021_02_0036.mp4,17,14,2,2
0021_02_0038.mp4,17,19,2,2
0021_02_0047.mp4,22,8,2,1
0021_02_0049.mp4,17,38,2,5
0021_02_0050.mp4,23,17,2,2
0021_02_0054.mp4,19,17,2,2
0021_02_0057.mp4,14,14,2,2
0021_02_0065.mp4,19,17,2,2
0021_02_0066.mp4,14,14,2,2
0021_02_0069.mp4,13,8,2,1
0021_02_0070.mp4,23,23,2,2
0021_02_0071.mp4,13,23,2,2
0021_02_0074.mp4,23,23,2,2
0021_02_0076.mp4,23,23,2,2
0021_02_0077.mp4,23,23,2,2
0021_02_0085.mp4,18,24,2,3
0021_02_0086.mp4,17,23,2,2
0021_02_0097.mp4,13,23,2,2
0021_02_0100.mp4,13,2,2,0
0021_02_0102.mp4,23,23,2,2
0021_02_0107.mp4,23,23,2,2
0021_02_0108.mp4,21,5,2,1
0021_02_0117.mp4,13,9,2,1
0021_03_0006.mp4,30,14,3,2
0021_04_0001.mp4,32,38,4,5
0021_04_0002.mp4,33,23,4,2
0021_05_0001.mp4,41,38,5,5
0021_06_0006.mp4,48,24,6,3
0021_06_0007.mp4,48,2,6,0
0022_01_0003.mp4,9,9,1,1
0022_01_0007.mp4,9,9,1,1
0022_01_0009.mp4,9,9,1,1
0022_01_0010.mp4,7,6,1,1
0022_01_0011.mp4,7,24,1,3
0022_01_0012.mp4,7,9,1,1
0022_01_0014.mp4,9,9,1,1
0022_01_0025.mp4,9,9,1,1
0022_01_0035.mp4,10,10,1,1
0022_01_0054.mp4,10,24,1,3
0022_01_0056.mp4,9,9,1,1
0022_01_0070.mp4,8,8,1,1
0022_01_0075.mp4,10,10,1,1
0022_01_0076.mp4,10,10,1,1
0022_01_0077.mp4,9,9,1,1
0022_01_0078.mp4,9,9,1,1
0022_01_0080.mp4,10,10,1,1
0022_01_0086.mp4,9,9,1,1
0022_01_0091.mp4,7,7,1,1
0022_01_0094.mp4,9,9,1,1
0022_01_0107.mp4,10,10,1,1
0022_01_0109.mp4,8,10,1,1
0022_01_0116.mp4,9,9,1,1
0022_01_0117.mp4,9,9,1,1
0022_01_0121.mp4,9,9,1,1
0022_01_0122.mp4,9,9,1,1
0022_01_0130.mp4,9,9,1,1
0022_01_0140.mp4,10,8,1,1
0022_01_0141.mp4,10,10,1,1
0022_01_0143.mp4,8,8,1,1
0022_01_0148.mp4,10,10,1,1
0022_01_0153.mp4,9,9,1,1
0022_01_0154.mp4,8,8,1,1
0022_01_0159.mp4,7,7,1,1
0022_01_0160.mp4,6,7,1,1
0022_01_0168.mp4,9,9,1,1
0022_01_0170.mp4,10,10,1,1
0022_01_0172.mp4,8,10,1,1
0022_01_0173.mp4,9,31,1,3
0022_01_0174.mp4,10,10,1,1
0022_01_0175.mp4,8,8,1,1
0022_01_0178.mp4,10,10,1,1
0022_01_0182.mp4,9,9,1,1
0022_01_0186.mp4,10,10,1,1
0022_01_0189.mp4,10,10,1,1
0022_01_0192.mp4,9,9,1,1
0022_01_0205.mp4,10,10,1,1
0022_01_0208.mp4,9,49,1,6
0022_01_0210.mp4,9,9,1,1
0022_01_0216.mp4,8,10,1,1
0022_01_0219.mp4,10,10,1,1
0022_01_0221.mp4,7,7,1,1
0022_01_0224.mp4,6,6,1,1
0022_01_0225.mp4,10,10,1,1
0022_01_0230.mp4,9,9,1,1
0022_01_0232.mp4,5,9,1,1
0022_01_0234.mp4,8,10,1,1
0022_01_0235.mp4,8,8,1,1
0022_01_0248.mp4,9,9,1,1
0022_01_0249.mp4,10,10,1,1
0022_01_0250.mp4,8,8,1,1
0022_01_0265.mp4,8,8,1,1
0022_01_0267.mp4,9,9,1,1
0022_01_0269.mp4,8,8,1,1
0022_01_0274.mp4,9,9,1,1
0022_01_0280.mp4,9,9,1,1
0022_01_0281.mp4,8,8,1,1
0022_01_0283.mp4,9,6,1,1
0022_01_0287.mp4,9,9,1,1
0022_01_0290.mp4,9,9,1,1
0022_02_0002.mp4,19,19,2,2
0022_02_0005.mp4,22,20,2,2
0022_02_0007.mp4,20,48,2,6
0022_02_0012.mp4,19,48,2,6
0022_02_0013.mp4,17,8,2,1
0022_02_0015.mp4,19,48,2,6
0022_02_0017.mp4,19,48,2,6
0022_02_0018.mp4,17,20,2,2
0022_02_0021.mp4,19,19,2,2
0022_02_0025.mp4,19,19,2,2
0022_02_0027.mp4,23,23,2,2
0022_02_0028.mp4,17,8,2,1
0022_02_0035.mp4,19,10,2,1
0022_02_0036.mp4,17,23,2,2
0022_03_0004.mp4,30,30,3,3
0022_03_0006.mp4,30,49,3,6
0022_03_0007.mp4,29,29,3,3
0022_03_0015.mp4,29,29,3,3
0022_05_0002.mp4,41,38,5,5
0022_06_0002.mp4,48,19,6,2
0022_06_0004.mp4,49,49,6,6
0022_06_0006.mp4,48,19,6,2
0022_06_0007.mp4,49,8,6,1
0022_06_0008.mp4,49,48,6,6
0022_06_0016.mp4,49,48,6,6
0022_06_0018.mp4,49,49,6,6
0022_06_0023.mp4,49,49,6,6
0022_06_0024.mp4,48,48,6,6
0022_06_0027.mp4,49,49,6,6
0022_06_0030.mp4,48,49,6,6
0022_06_0031.mp4,49,7,6,1
0022_06_0033.mp4,49,49,6,6
0022_06_0034.mp4,49,48,6,6
0022_06_0035.mp4,49,48,6,6
0022_06_0037.mp4,48,48,6,6
0022_06_0039.mp4,49,49,6,6
0022_06_0045.mp4,49,49,6,6
0022_06_0048.mp4,49,49,6,6
0022_06_0052.mp4,49,49,6,6
0022_06_0054.mp4,49,48,6,6
0022_06_0055.mp4,49,49,6,6
0022_06_0058.mp4,49,48,6,6
0022_06_0060.mp4,49,49,6,6
0022_06_0061.mp4,49,26,6,3
0022_06_0062.mp4,49,48,6,6
0022_06_0063.mp4,49,19,6,2
0022_06_0064.mp4,49,48,6,6
0022_06_0067.mp4,49,24,6,3
0022_06_0072.mp4,49,9,6,1
0022_06_0078.mp4,49,48,6,6
0022_06_0086.mp4,49,48,6,6
0022_06_0096.mp4,49,48,6,6
0022_06_0098.mp4,49,48,6,6
0022_06_0106.mp4,49,48,6,6
0022_06_0108.mp4,49,9,6,1
0022_06_0109.mp4,49,48,6,6
0025_01_0001.mp4,9,9,1,1
0025_01_0008.mp4,8,24,1,3
0025_01_0012.mp4,8,8,1,1
0025_01_0016.mp4,8,8,1,1
0025_01_0020.mp4,8,8,1,1
0025_01_0022.mp4,7,10,1,1
0025_01_0029.mp4,10,10,1,1
0025_01_0030.mp4,10,10,1,1
0025_01_0031.mp4,7,8,1,1
0025_01_0033.mp4,10,10,1,1
0025_01_0043.mp4,9,9,1,1
0025_01_0044.mp4,10,31,1,3
0025_01_0054.mp4,10,10,1,1
0025_01_0059.mp4,6,8,1,1
0025_01_0066.mp4,8,8,1,1
0025_02_0005.mp4,11,9,2,1
0025_02_0008.mp4,11,9,2,1
0025_02_0010.mp4,11,11,2,2
0025_02_0011.mp4,11,11,2,2
0025_02_0012.mp4,11,11,2,2
0025_02_0017.mp4,15,15,2,2
0025_02_0018.mp4,15,23,2,2
0025_02_0024.mp4,19,24,2,3
0025_02_0030.mp4,17,23,2,2
0025_02_0032.mp4,22,9,2,1
0025_02_0036.mp4,23,23,2,2
0025_02_0040.mp4,13,48,2,6
0025_02_0045.mp4,17,7,2,1
0025_02_0048.mp4,17,17,2,2
0025_02_0052.mp4,19,8,2,1
0025_02_0053.mp4,11,11,2,2
0025_03_0001.mp4,29,29,3,3
0025_03_0004.mp4,24,24,3,3
0025_03_0005.mp4,24,24,3,3
0025_03_0011.mp4,24,24,3,3
0025_03_0013.mp4,29,8,3,1
0025_03_0014.mp4,30,27,3,3
0025_03_0016.mp4,30,24,3,3
0025_03_0023.mp4,24,37,3,4
0025_03_0026.mp4,24,24,3,3
0025_03_0034.mp4,24,24,3,3
0025_03_0035.mp4,26,26,3,3
0025_03_0041.mp4,29,29,3,3
0025_03_0045.mp4,28,27,3,3
0025_04_0017.mp4,33,33,4,4
0025_05_0004.mp4,44,38,5,5
0025_05_0005.mp4,44,38,5,5
0025_05_0006.mp4,41,9,5,1
0025_05_0007.mp4,43,38,5,5
0025_05_0010.mp4,43,38,5,5
0025_05_0013.mp4,41,39,5,5
0025_06_0001.mp4,49,48,6,6
0026_00_0003.mp4,4,27,0,3
0026_00_0008.mp4,0,0,0,0
0026_00_0012.mp4,4,6,0,1
0026_00_0014.mp4,1,9,0,1
0026_00_0016.mp4,1,22,0,2
0026_00_0020.mp4,4,7,0,1
0026_00_0022.mp4,4,4,0,0
0026_01_0006.mp4,9,9,1,1
0026_01_0009.mp4,9,9,1,1
0026_01_0013.mp4,9,9,1,1
0026_01_0017.mp4,10,10,1,1
0026_01_0027.mp4,10,10,1,1
0026_01_0029.mp4,10,10,1,1
0026_01_0036.mp4,10,10,1,1
0026_01_0041.mp4,9,9,1,1
0026_01_0044.mp4,9,9,1,1
0026_01_0045.mp4,10,10,1,1
0026_01_0046.mp4,9,9,1,1
0026_01_0047.mp4,10,10,1,1
0026_01_0048.mp4,9,9,1,1
0026_01_0056.mp4,10,10,1,1
0026_01_0061.mp4,10,10,1,1
0026_01_0067.mp4,10,10,1,1
0026_02_0004.mp4,17,17,2,2
0026_02_0014.mp4,17,17,2,2
0026_02_0017.mp4,19,17,2,2
0026_02_0018.mp4,17,48,2,6
0026_02_0035.mp4,17,15,2,2
0026_02_0037.mp4,15,15,2,2
0026_02_0041.mp4,15,10,2,1
0026_02_0042.mp4,15,15,2,2
0026_02_0043.mp4,17,15,2,2
0026_02_0045.mp4,17,17,2,2
0026_03_0003.mp4,27,30,3,3
0026_03_0007.mp4,26,26,3,3
0026_04_0003.mp4,35,32,4,4
0026_04_0005.mp4,33,15,4,2
0026_04_0006.mp4,33,15,4,2
0026_05_0013.mp4,47,39,5,5
0026_05_0015.mp4,39,38,5,5
0026_05_0016.mp4,39,5,5,1
0026_05_0018.mp4,38,7,5,1
0026_05_0019.mp4,42,38,5,5
0026_06_0006.mp4,49,48,6,6
0027_00_0001.mp4,4,30,0,3
0027_00_0005.mp4,0,0,0,0
0027_00_0006.mp4,0,0,0,0
0027_00_0008.mp4,0,0,0,0
0027_00_0018.mp4,4,4,0,0
0027_01_0001.mp4,9,9,1,1
0027_01_0002.mp4,8,8,1,1
0027_01_0003.mp4,9,9,1,1
0027_01_0008.mp4,10,10,1,1
0027_01_0013.mp4,7,7,1,1
0027_01_0015.mp4,9,9,1,1
0027_01_0026.mp4,10,10,1,1
0027_01_0035.mp4,7,49,1,6
0027_02_0002.mp4,23,31,2,3
0027_02_0006.mp4,23,23,2,2
0027_02_0020.mp4,17,17,2,2
0027_02_0032.mp4,17,20,2,2
0027_02_0035.mp4,17,23,2,2
0027_02_0046.mp4,23,23,2,2
0027_02_0051.mp4,17,23,2,2
0027_03_0005.mp4,25,25,3,3
0027_03_0008.mp4,30,8,3,1
0027_04_0004.mp4,33,33,4,4
0027_04_0010.mp4,36,36,4,4
0027_04_0014.mp4,36,36,4,4
0027_04_0019.mp4,36,7,4,1
0027_04_0021.mp4,36,36,4,4
0027_04_0032.mp4,37,31,4,3
0027_05_0008.mp4,38,38,5,5
0027_06_0015.mp4,49,49,6,6
0027_06_0019.mp4,48,48,6,6
0027_06_0023.mp4,49,49,6,6
0027_06_0026.mp4,50,25,6,3
0028_00_0007.mp4,4,29,0,3
0028_01_0004.mp4,10,10,1,1
0028_01_0007.mp4,10,10,1,1
0028_01_0012.mp4,9,9,1,1
0028_01_0015.mp4,8,31,1,3
0028_01_0016.mp4,10,10,1,1
0028_01_0017.mp4,10,10,1,1
0028_01_0018.mp4,10,10,1,1
0028_01_0023.mp4,7,8,1,1
0028_02_0003.mp4,17,48,2,6
0028_02_0010.mp4,15,17,2,2
0028_02_0014.mp4,11,11,2,2
0028_02_0015.mp4,15,17,2,2
0028_02_0017.mp4,17,17,2,2
0028_02_0019.mp4,11,11,2,2
0028_02_0023.mp4,23,23,2,2
0028_02_0024.mp4,17,48,2,6
0028_02_0030.mp4,15,33,2,4
0028_02_0031.mp4,15,17,2,2
0028_03_0002.mp4,30,30,3,3
0028_03_0005.mp4,29,29,3,3
0028_03_0018.mp4,30,30,3,3
0028_04_0004.mp4,33,33,4,4
0028_05_0002.mp4,41,29,5,3
0028_05_0003.mp4,42,38,5,5
0028_05_0004.mp4,42,38,5,5
0028_05_0013.mp4,42,39,5,5
0028_05_0016.mp4,42,38,5,5
0028_05_0023.mp4,42,38,5,5
0028_05_0024.mp4,42,40,5,5
0028_05_0027.mp4,42,39,5,5
0028_05_0028.mp4,40,38,5,5
0028_05_0033.mp4,43,39,5,5
0028_06_0003.mp4,48,48,6,6
0028_06_0008.mp4,48,48,6,6
0028_06_0010.mp4,48,48,6,6
0028_06_0019.mp4,50,0,6,0
0028_06_0021.mp4,50,50,6,6
0028_06_0024.mp4,49,50,6,6
0028_06_0025.mp4,49,48,6,6
0029_00_0001.mp4,4,4,0,0
0029_01_0002.mp4,10,10,1,1
0029_01_0006.mp4,10,10,1,1
0029_01_0009.mp4,9,9,1,1
0029_01_0015.mp4,10,10,1,1
0029_01_0017.mp4,10,10,1,1
0029_01_0020.mp4,9,9,1,1
0029_01_0026.mp4,9,9,1,1
0029_01_0030.mp4,5,5,1,1
0029_02_0005.mp4,19,38,2,5
0029_06_0001.mp4,48,48,6,6
0030_00_0001.mp4,0,0,0,0
0030_00_0005.mp4,1,1,0,0
0030_00_0009.mp4,4,17,0,2
0030_01_0002.mp4,9,9,1,1
0030_01_0006.mp4,7,8,1,1
0030_01_0014.mp4,9,9,1,1
0030_01_0015.mp4,7,31,1,3
0030_01_0017.mp4,9,9,1,1
0030_01_0018.mp4,10,10,1,1
0030_01_0022.mp4,9,6,1,1
0030_01_0026.mp4,7,9,1,1
0030_01_0039.mp4,7,7,1,1
0030_01_0045.mp4,7,8,1,1
0030_01_0049.mp4,7,25,1,3
0030_01_0051.mp4,10,10,1,1
0030_02_0001.mp4,17,17,2,2
0030_02_0015.mp4,22,17,2,2
0030_02_0017.mp4,23,23,2,2
0030_02_0023.mp4,17,19,2,2
0030_02_0052.mp4,22,17,2,2
0030_02_0053.mp4,19,19,2,2
0030_02_0067.mp4,19,17,2,2
0030_02_0068.mp4,17,23,2,2
0030_02_0083.mp4,21,25,2,3
0030_02_0091.mp4,17,17,2,2
0030_02_0096.mp4,17,17,2,2
0030_02_0103.mp4,17,19,2,2
0030_02_0105.mp4,17,17,2,2
0030_04_0005.mp4,33,23,4,2
0030_04_0009.mp4,33,33,4,4
0030_04_0011.mp4,33,33,4,4
0030_04_0012.mp4,33,19,4,2
0030_04_0014.mp4,34,9,4,1
0030_04_0017.mp4,34,34,4,4
0030_04_0018.mp4,33,23,4,2
0030_05_0005.mp4,41,39,5,5
0031_00_0004.mp4,1,48,0,6
0031_02_0001.mp4,21,48,2,6
0031_02_0002.mp4,17,19,2,2
0031_02_0005.mp4,22,24,2,3
0031_02_0012.mp4,13,48,2,6
0031_02_0017.mp4,21,17,2,2
0031_02_0023.mp4,11,11,2,2
0031_02_0030.mp4,19,19,2,2
0031_02_0034.mp4,17,17,2,2
0031_02_0038.mp4,19,38,2,5
0031_02_0039.mp4,17,17,2,2
0031_02_0041.mp4,17,48,2,6
0031_02_0043.mp4,19,17,2,2
0031_02_0044.mp4,19,17,2,2
0031_02_0049.mp4,19,19,2,2
0031_02_0050.mp4,17,5,2,1
0031_03_0002.mp4,24,31,3,3
0031_03_0011.mp4,24,31,3,3
0031_03_0012.mp4,24,30,3,3
0031_03_0015.mp4,29,29,3,3
0031_03_0019.mp4,29,29,3,3
0031_04_0002.mp4,33,33,4,4
0031_06_0002.mp4,49,49,6,6
0031_06_0005.mp4,50,49,6,6
0031_06_0009.mp4,49,49,6,6
0031_06_0012.mp4,50,49,6,6
0031_06_0013.mp4,48,23,6,2
0031_06_0015.mp4,49,49,6,6
0031_06_0019.mp4,49,49,6,6
0031_06_0023.mp4,49,49,6,6
0031_06_0031.mp4,49,49,6,6
0032_00_0006.mp4,4,4,0,0
0032_00_0007.mp4,4,1,0,0
0032_01_0003.mp4,9,9,1,1
0032_01_0007.mp4,7,7,1,1
0032_01_0010.mp4,10,10,1,1
0032_01_0012.mp4,10,10,1,1
0032_01_0014.mp4,8,8,1,1
0032_01_0017.mp4,8,7,1,1
0032_01_0022.mp4,9,9,1,1
0032_01_0024.mp4,8,8,1,1
0032_01_0031.mp4,8,8,1,1
0032_01_0034.mp4,8,8,1,1
0032_01_0044.mp4,10,10,1,1
0032_01_0049.mp4,7,8,1,1
0032_01_0059.mp4,8,8,1,1
0032_01_0062.mp4,7,7,1,1
0032_01_0066.mp4,7,7,1,1
0032_01_0072.mp4,8,8,1,1
0032_01_0073.mp4,7,24,1,3
0032_01_0075.mp4,7,8,1,1
0032_01_0078.mp4,7,8,1,1
0032_02_0002.mp4,20,48,2,6
0032_02_0010.mp4,23,23,2,2
0032_02_0014.mp4,22,20,2,2
0032_02_0015.mp4,17,22,2,2
0032_02_0020.mp4,17,8,2,1
0032_02_0021.mp4,17,8,2,1
0032_02_0024.mp4,23,23,2,2
0032_02_0026.mp4,22,20,2,2
0032_02_0034.mp4,23,8,2,1
0032_02_0040.mp4,22,8,2,1
0032_02_0042.mp4,17,33,2,4
0032_02_0044.mp4,20,8,2,1
0032_02_0047.mp4,17,17,2,2
0032_02_0048.mp4,20,20,2,2
0032_02_0056.mp4,20,8,2,1
0032_02_0060.mp4,20,19,2,2
0032_02_0062.mp4,18,23,2,2
0032_03_0002.mp4,26,26,3,3
0032_03_0004.mp4,30,37,3,4
0032_03_0005.mp4,30,30,3,3
0032_03_0007.mp4,29,29,3,3
0032_05_0006.mp4,38,9,5,1
0032_05_0012.mp4,39,39,5,5
0032_05_0014.mp4,43,39,5,5
0032_06_0013.mp4,49,50,6,6
0032_06_0015.mp4,48,25,6,3
0032_06_0016.mp4,49,50,6,6
0032_06_0019.mp4,49,48,6,6
0032_06_0023.mp4,48,19,6,2
0033_00_0003.mp4,4,4,0,0
0033_01_0003.mp4,5,5,1,1
0033_01_0005.mp4,6,6,1,1
0033_01_0009.mp4,9,9,1,1
0033_01_0011.mp4,10,10,1,1
0033_01_0017.mp4,6,6,1,1
0033_02_0001.mp4,22,51,2,6
0033_02_0018.mp4,11,35,2,4
0034_03_0003.mp4,26,29,3,3
0034_04_0001.mp4,33,23,4,2
0034_04_0002.mp4,34,34,4,4
0035_00_0002.mp4,0,1,0,0
0035_00_0014.mp4,0,24,0,3
0035_01_0003.mp4,9,9,1,1
0035_01_0013.mp4,10,10,1,1
0035_01_0015.mp4,10,10,1,1
0035_03_0003.mp4,26,49,3,6
0035_03_0012.mp4,24,24,3,3
0035_03_0013.mp4,24,24,3,3
0035_03_0021.mp4,24,31,3,3
0035_03_0022.mp4,24,49,3,6
0035_04_0010.mp4,37,23,4,2
0035_04_0021.mp4,32,8,4,1
0035_05_0004.mp4,42,38,5,5
0035_05_0007.mp4,42,38,5,5
0035_05_0008.mp4,47,38,5,5
0035_05_0010.mp4,42,24,5,3
0035_05_0017.mp4,44,38,5,5
0035_05_0020.mp4,44,38,5,5
0035_05_0026.mp4,41,30,5,3
0035_05_0027.mp4,41,27,5,3
0035_05_0028.mp4,41,38,5,5
0035_06_0002.mp4,49,49,6,6
0035_06_0003.mp4,49,49,6,6
0035_06_0006.mp4,49,49,6,6
0035_06_0007.mp4,49,49,6,6
0035_06_0008.mp4,49,49,6,6
0035_06_0011.mp4,49,49,6,6
0035_06_0012.mp4,48,49,6,6
0035_06_0015.mp4,49,49,6,6
0035_06_0019.mp4,50,50,6,6
0035_06_0020.mp4,50,50,6,6
0035_06_0022.mp4,49,49,6,6
0035_06_0025.mp4,49,49,6,6
0035_06_0026.mp4,50,49,6,6
0036_00_0003.mp4,0,8,0,1
0036_01_0001.mp4,7,8,1,1
0036_01_0003.mp4,8,10,1,1
0036_01_0004.mp4,7,7,1,1
0036_01_0007.mp4,7,7,1,1
0036_01_0008.mp4,8,8,1,1
0036_01_0014.mp4,9,24,1,3
0036_01_0024.mp4,8,8,1,1
0036_01_0031.mp4,7,7,1,1
0036_01_0033.mp4,8,8,1,1
0036_01_0034.mp4,8,7,1,1
0036_01_0036.mp4,10,10,1,1
0036_01_0046.mp4,8,8,1,1
0036_01_0048.mp4,7,8,1,1
0036_01_0055.mp4,9,8,1,1
0036_01_0057.mp4,8,8,1,1
0036_02_0004.mp4,17,23,2,2
0036_02_0007.mp4,17,17,2,2
0036_02_0008.mp4,17,17,2,2
0036_02_0012.mp4,17,10,2,1
0036_02_0013.mp4,23,23,2,2
0036_02_0014.mp4,17,6,2,1
0036_02_0023.mp4,17,17,2,2
0036_02_0033.mp4,17,8,2,1
0036_02_0037.mp4,17,8,2,1
0036_02_0039.mp4,17,17,2,2
0036_02_0040.mp4,17,17,2,2
0036_02_0046.mp4,17,48,2,6
0036_02_0051.mp4,22,8,2,1
0036_02_0054.mp4,22,23,2,2
0036_02_0058.mp4,19,17,2,2
0036_03_0006.mp4,29,29,3,3
0036_03_0008.mp4,29,29,3,3
0036_06_0002.mp4,49,49,6,6
0036_06_0006.mp4,49,49,6,6
0036_06_0018.mp4,49,49,6,6
0036_06_0019.mp4,49,10,6,1
0037_00_0002.mp4,0,0,0,0
0037_00_0007.mp4,2,21,0,2
0037_01_0028.mp4,9,9,1,1
0037_01_0032.mp4,10,10,1,1
0037_03_0004.mp4,29,29,3,3
0037_03_0008.mp4,27,29,3,3
0037_05_0003.mp4,46,29,5,3
0037_05_0004.mp4,40,38,5,5
0037_05_0007.mp4,41,39,5,5
0037_05_0010.mp4,41,39,5,5
0037_05_0011.mp4,43,24,5,3
0038_00_0007.mp4,0,25,0,3
0038_00_0012.mp4,0,50,0,6
0038_00_0020.mp4,0,50,0,6
0038_00_0022.mp4,0,25,0,3
0038_00_0023.mp4,0,25,0,3
0038_00_0030.mp4,0,31,0,3
0038_00_0036.mp4,4,5,0,1
0038_01_0006.mp4,6,6,1,1
0038_01_0008.mp4,10,10,1,1
0038_01_0012.mp4,10,10,1,1
0038_01_0018.mp4,5,5,1,1
0038_01_0023.mp4,10,10,1,1
0038_01_0026.mp4,10,10,1,1
0038_01_0028.mp4,10,10,1,1
0038_01_0031.mp4,9,9,1,1
0038_01_0034.mp4,10,8,1,1
0038_01_0038.mp4,10,10,1,1
0038_01_0041.mp4,10,10,1,1
0038_01_0042.mp4,9,9,1,1
0038_01_0043.mp4,8,8,1,1
0038_01_0045.mp4,10,10,1,1
0038_02_0003.mp4,21,5,2,1
0038_02_0005.mp4,23,23,2,2
0038_02_0012.mp4,19,19,2,2
0038_02_0013.mp4,17,23,2,2
0038_02_0018.mp4,17,17,2,2
0038_02_0019.mp4,18,17,2,2
0038_02_0020.mp4,23,23,2,2
0038_02_0022.mp4,23,23,2,2
0038_02_0024.mp4,19,23,2,2
0038_02_0028.mp4,18,48,2,6
0038_02_0030.mp4,23,48,2,6
0038_02_0038.mp4,21,31,2,3
0038_02_0042.mp4,21,24,2,3
0038_04_0001.mp4,35,35,4,4
0038_05_0004.mp4,44,38,5,5
0038_05_0010.mp4,39,39,5,5
0038_06_0001.mp4,48,25,6,3
0038_06_0003.mp4,50,25,6,3
0038_06_0006.mp4,50,50,6,6
0038_06_0007.mp4,50,50,6,6
0038_06_0014.mp4,50,50,6,6
0039_00_0004.mp4,0,0,0,0
0039_00_0006.mp4,4,4,0,0
0039_01_0002.mp4,8,10,1,1
0039_01_0011.mp4,9,9,1,1
0039_01_0012.mp4,10,10,1,1
0039_01_0013.mp4,5,9,1,1
0039_01_0014.mp4,9,9,1,1
0039_01_0016.mp4,8,10,1,1
0039_01_0022.mp4,9,9,1,1
0039_01_0043.mp4,10,10,1,1
0039_01_0046.mp4,10,10,1,1
0039_01_0054.mp4,10,9,1,1
0039_01_0059.mp4,10,10,1,1
0039_01_0064.mp4,10,10,1,1
0039_01_0070.mp4,5,5,1,1
0039_01_0071.mp4,10,10,1,1
0039_01_0075.mp4,8,5,1,1
0039_02_0002.mp4,17,17,2,2
0039_02_0004.mp4,15,48,2,6
0039_02_0006.mp4,17,17,2,2
0039_02_0014.mp4,23,5,2,1
0039_02_0030.mp4,19,19,2,2
0039_02_0037.mp4,17,23,2,2
0039_02_0044.mp4,15,17,2,2
0039_02_0049.mp4,19,5,2,1
0039_02_0052.mp4,15,48,2,6
0039_03_0002.mp4,31,30,3,3
0039_03_0003.mp4,31,29,3,3
0039_03_0004.mp4,31,24,3,3
0039_04_0001.mp4,33,17,4,2
0039_04_0008.mp4,33,17,4,2
0039_05_0003.mp4,44,38,5,5
0039_05_0005.mp4,38,8,5,1
0039_05_0006.mp4,41,38,5,5
0039_06_0002.mp4,49,48,6,6
0040_00_0001.mp4,0,0,0,0
0040_00_0002.mp4,0,0,0,0
0040_00_0007.mp4,0,0,0,0
0040_00_0008.mp4,0,0,0,0
0040_00_0011.mp4,0,0,0,0
0040_01_0001.mp4,9,9,1,1
0040_01_0004.mp4,10,10,1,1
0040_01_0005.mp4,10,10,1,1
0040_01_0006.mp4,10,10,1,1
0040_01_0011.mp4,10,10,1,1
0040_02_0011.mp4,11,11,2,2
0040_02_0017.mp4,19,19,2,2
0040_02_0019.mp4,17,19,2,2
0040_02_0026.mp4,17,17,2,2
0040_04_0003.mp4,35,20,4,2
0040_05_0004.mp4,41,38,5,5
0040_06_0006.mp4,49,48,6,6
0040_06_0014.mp4,49,50,6,6
0041_00_0002.mp4,4,25,0,3
0041_00_0004.mp4,1,24,0,3
0041_00_0010.mp4,4,25,0,3
0041_01_0004.mp4,10,10,1,1
0041_01_0011.mp4,8,8,1,1
0041_01_0012.mp4,8,24,1,3
0041_01_0019.mp4,10,10,1,1
0041_01_0025.mp4,10,10,1,1
0041_01_0027.mp4,9,24,1,3
0041_01_0030.mp4,10,10,1,1
0041_01_0034.mp4,10,10,1,1
0041_01_0036.mp4,10,10,1,1
0041_01_0037.mp4,10,10,1,1
0041_01_0042.mp4,9,9,1,1
0041_01_0043.mp4,10,10,1,1
0041_01_0048.mp4,10,10,1,1
0041_01_0049.mp4,10,10,1,1
0041_02_0004.mp4,23,5,2,1
0041_02_0006.mp4,23,23,2,2
0041_02_0007.mp4,17,31,2,3
0041_02_0016.mp4,18,20,2,2
0041_02_0018.mp4,20,20,2,2
0041_02_0024.mp4,17,17,2,2
0041_02_0025.mp4,20,20,2,2
0041_02_0027.mp4,20,20,2,2
0041_02_0030.mp4,23,20,2,2
0041_02_0032.mp4,22,23,2,2
0041_02_0039.mp4,11,25,2,3
0041_02_0042.mp4,11,11,2,2
0041_03_0003.mp4,31,48,3,6
0041_03_0006.mp4,29,29,3,3
0041_03_0007.mp4,25,25,3,3
0041_03_0009.mp4,25,25,3,3
0041_03_0010.mp4,30,29,3,3
0041_05_0008.mp4,38,38,5,5
0041_05_0014.mp4,43,38,5,5
0041_05_0015.mp4,41,40,5,5
0041_05_0017.mp4,38,38,5,5
0041_06_0007.mp4,48,48,6,6
0041_06_0015.mp4,48,6,6,1
0042_00_0023.mp4,4,5,0,1
0042_01_0003.mp4,8,8,1,1
0042_01_0004.mp4,6,9,1,1
0042_01_0017.mp4,10,10,1,1
0042_01_0018.mp4,10,10,1,1
0042_01_0019.mp4,9,9,1,1
0042_01_0025.mp4,10,10,1,1
0042_01_0026.mp4,10,10,1,1
0042_01_0029.mp4,9,9,1,1
0042_01_0030.mp4,10,10,1,1
0042_01_0031.mp4,10,10,1,1
0042_01_0033.mp4,10,10,1,1
0042_01_0039.mp4,10,10,1,1
0042_02_0001.mp4,14,14,2,2
0042_02_0003.mp4,22,23,2,2
0042_02_0004.mp4,23,23,2,2
0042_02_0009.mp4,14,14,2,2
0042_02_0010.mp4,14,14,2,2
0042_02_0015.mp4,14,11,2,2
0042_02_0017.mp4,14,23,2,2
0042_03_0001.mp4,31,30,3,3
0043_01_0003.mp4,8,8,1,1
0043_01_0011.mp4,10,10,1,1
0043_01_0016.mp4,9,9,1,1
0043_01_0019.mp4,9,9,1,1
0043_01_0030.mp4,9,9,1,1
0043_01_0037.mp4,9,9,1,1
0043_01_0039.mp4,9,9,1,1
0043_03_0010.mp4,24,24,3,3
0043_03_0015.mp4,24,24,3,3
0043_03_0017.mp4,24,24,3,3
0043_04_0002.mp4,34,50,4,6
0044_01_0007.mp4,10,10,1,1
0044_01_0011.mp4,8,8,1,1
0044_01_0014.mp4,8,24,1,3
0044_02_0001.mp4,12,23,2,2
0044_02_0002.mp4,12,9,2,1
0044_02_0005.mp4,18,8,2,1
0044_02_0007.mp4,21,23,2,2
0044_05_0003.mp4,42,38,5,5
0044_06_0008.mp4,49,48,6,6
0044_06_0011.mp4,49,49,6,6
0044_06_0022.mp4,49,49,6,6
0045_01_0008.mp4,10,10,1,1
0045_01_0010.mp4,9,9,1,1
0045_01_0020.mp4,10,10,1,1
0045_02_0007.mp4,21,21,2,2
0045_02_0009.mp4,21,24,2,3
0045_02_0015.mp4,21,24,2,3
0045_02_0016.mp4,21,24,2,3
0045_02_0019.mp4,21,21,2,2
0045_02_0022.mp4,21,21,2,2
0045_02_0023.mp4,21,21,2,2
0045_03_0003.mp4,30,21,3,2
0045_03_0004.mp4,30,30,3,3
0045_04_0001.mp4,32,47,4,5
0045_05_0001.mp4,42,38,5,5
0045_05_0002.mp4,42,38,5,5
0046_01_0002.mp4,8,8,1,1
0046_01_0003.mp4,9,9,1,1
0046_01_0004.mp4,8,8,1,1
0046_01_0014.mp4,10,10,1,1
0046_01_0015.mp4,10,10,1,1
0046_01_0016.mp4,9,9,1,1
0046_01_0018.mp4,9,9,1,1
0046_01_0020.mp4,9,8,1,1
0046_01_0024.mp4,10,10,1,1
0046_01_0027.mp4,10,10,1,1
0046_01_0029.mp4,9,9,1,1
0046_01_0032.mp4,5,5,1,1
0046_01_0034.mp4,5,5,1,1
0046_02_0001.mp4,17,17,2,2
0046_02_0010.mp4,21,48,2,6
0046_02_0011.mp4,18,29,2,3
0046_03_0002.mp4,29,4,3,0
0046_03_0033.mp4,29,4,3,0
0046_03_0085.mp4,31,30,3,3
0046_06_0001.mp4,49,49,6,6
0046_06_0002.mp4,49,4,6,0
0047_00_0004.mp4,4,24,0,3
0047_00_0010.mp4,0,17,0,2
0047_00_0020.mp4,4,5,0,1
0047_00_0023.mp4,4,4,0,0
0047_01_0003.mp4,10,9,1,1
0047_01_0006.mp4,8,8,1,1
0047_01_0013.mp4,8,8,1,1
0047_01_0017.mp4,8,8,1,1
0047_01_0020.mp4,9,31,1,3
0047_01_0023.mp4,9,9,1,1
0047_01_0031.mp4,9,9,1,1
0047_02_0001.mp4,20,17,2,2
0047_02_0002.mp4,17,9,2,1
0047_02_0004.mp4,20,20,2,2
0047_02_0007.mp4,23,23,2,2
0047_02_0021.mp4,21,22,2,2
0047_02_0022.mp4,21,24,2,3
0047_02_0028.mp4,21,21,2,2
0047_02_0029.mp4,20,23,2,2
0047_02_0030.mp4,20,20,2,2
0047_02_0035.mp4,23,23,2,2
0047_02_0041.mp4,20,20,2,2
0047_02_0042.mp4,23,38,2,5
0047_02_0043.mp4,23,20,2,2
0047_02_0057.mp4,20,23,2,2
0047_02_0058.mp4,23,20,2,2
0047_02_0062.mp4,23,23,2,2
0047_02_0063.mp4,20,23,2,2
0047_02_0069.mp4,20,20,2,2
0047_02_0071.mp4,20,30,2,3
0047_02_0078.mp4,23,20,2,2
0047_02_0079.mp4,23,23,2,2
0047_02_0083.mp4,23,23,2,2
0047_02_0085.mp4,23,23,2,2
0047_02_0088.mp4,23,23,2,2
0047_02_0090.mp4,23,23,2,2
0047_02_0093.mp4,11,23,2,2
0047_02_0108.mp4,20,20,2,2
0047_02_0110.mp4,17,17,2,2
0047_02_0115.mp4,17,17,2,2
0047_02_0117.mp4,20,20,2,2
0047_02_0121.mp4,22,48,2,6
0047_02_0122.mp4,17,23,2,2
0047_03_0010.mp4,29,29,3,3
0047_03_0036.mp4,29,29,3,3
0047_03_0040.mp4,26,26,3,3
0047_03_0042.mp4,30,30,3,3
0047_03_0048.mp4,24,24,3,3
0047_03_0051.mp4,29,20,3,2
0047_03_0053.mp4,30,30,3,3
0047_03_0054.mp4,29,29,3,3
0047_03_0063.mp4,31,31,3,3
0047_03_0072.mp4,31,31,3,3
0047_03_0094.mp4,31,8,3,1
0047_03_0099.mp4,31,31,3,3
0047_03_0100.mp4,31,24,3,3
0047_03_0104.mp4,31,31,3,3
0047_03_0105.mp4,31,31,3,3
0047_03_0108.mp4,31,8,3,1
0047_03_0117.mp4,24,31,3,3
0047_03_0118.mp4,31,31,3,3
0047_06_0001.mp4,48,20,6,2
0047_06_0005.mp4,49,49,6,6
0047_06_0008.mp4,48,24,6,3
0047_06_0010.mp4,48,48,6,6
0047_06_0013.mp4,49,8,6,1
0048_00_0002.mp4,0,4,0,0
0048_00_0003.mp4,0,24,0,3
0048_00_0004.mp4,0,30,0,3
0048_00_0008.mp4,0,8,0,1
0048_01_0002.mp4,8,8,1,1
0048_01_0006.mp4,9,9,1,1
0048_01_0010.mp4,9,9,1,1
0048_01_0011.mp4,9,9,1,1
0048_01_0012.mp4,8,8,1,1
0048_01_0016.mp4,8,10,1,1
0048_01_0021.mp4,8,8,1,1
0048_01_0023.mp4,8,8,1,1
0048_02_0023.mp4,19,23,2,2
0048_02_0026.mp4,19,23,2,2
0048_02_0029.mp4,23,23,2,2
0048_02_0034.mp4,23,9,2,1
0048_02_0036.mp4,23,19,2,2
0048_02_0045.mp4,23,23,2,2
0048_02_0048.mp4,23,23,2,2
0048_02_0051.mp4,23,23,2,2
0048_02_0058.mp4,19,23,2,2
0048_02_0067.mp4,19,23,2,2
0048_02_0071.mp4,19,23,2,2
0048_02_0073.mp4,19,23,2,2
0048_02_0075.mp4,19,23,2,2
0048_02_0078.mp4,19,23,2,2
0048_02_0080.mp4,19,23,2,2
0048_02_0082.mp4,17,23,2,2
0048_02_0084.mp4,17,8,2,1
0048_02_0087.mp4,23,23,2,2
0048_02_0089.mp4,17,23,2,2
0048_02_0091.mp4,19,19,2,2
0048_02_0092.mp4,13,21,2,2
0048_02_0096.mp4,19,23,2,2
0048_02_0098.mp4,19,19,2,2
0048_02_0100.mp4,23,23,2,2
0048_02_0102.mp4,22,24,2,3
0048_02_0104.mp4,21,13,2,2
0048_02_0105.mp4,21,21,2,2
0048_03_0010.mp4,24,8,3,1
0048_03_0021.mp4,24,24,3,3
0048_03_0022.mp4,26,48,3,6
0048_06_0005.mp4,48,24,6,3
0049_01_0001.mp4,10,10,1,1
0049_01_0002.mp4,9,9,1,1
0049_01_0009.mp4,9,9,1,1
0049_02_0002.mp4,20,8,2,1
0049_02_0004.mp4,22,31,2,3
0049_02_0013.mp4,21,31,2,3
0049_02_0016.mp4,22,22,2,2
0049_02_0019.mp4,21,31,2,3
0049_02_0022.mp4,21,31,2,3
0049_02_0026.mp4,21,31,2,3
0049_02_0030.mp4,21,31,2,3
0049_03_0005.mp4,31,31,3,3
0049_03_0017.mp4,31,31,3,3
0049_03_0019.mp4,31,31,3,3
0049_03_0025.mp4,31,31,3,3
0049_03_0040.mp4,31,31,3,3
0049_03_0049.mp4,31,31,3,3
0049_03_0053.mp4,31,31,3,3
0049_03_0058.mp4,31,31,3,3
0049_03_0061.mp4,31,31,3,3
0049_03_0062.mp4,31,31,3,3
0049_03_0068.mp4,31,7,3,1
0049_03_0074.mp4,31,31,3,3
0049_03_0083.mp4,31,31,3,3
0049_03_0094.mp4,31,31,3,3
0050_00_0006.mp4,0,49,0,6
0050_01_0001.mp4,9,9,1,1
0050_01_0002.mp4,10,10,1,1
0050_01_0005.mp4,7,9,1,1
0050_01_0006.mp4,8,8,1,1
0050_01_0014.mp4,9,9,1,1
0050_01_0016.mp4,8,8,1,1
0050_01_0018.mp4,10,10,1,1
0050_01_0020.mp4,8,8,1,1
0050_02_0001.mp4,20,22,2,2
0050_02_0002.mp4,23,19,2,2
0050_02_0006.mp4,19,19,2,2
0050_03_0003.mp4,30,30,3,3
0050_03_0006.mp4,29,29,3,3
0050_03_0009.mp4,30,49,3,6
0050_03_0010.mp4,29,49,3,6
0050_05_0001.mp4,39,7,5,1
0050_06_0011.mp4,49,49,6,6
0050_06_0013.mp4,48,48,6,6
0051_01_0004.mp4,9,9,1,1
0051_01_0005.mp4,9,7,1,1
0051_01_0006.mp4,8,7,1,1
0051_01_0009.mp4,7,4,1,0
0051_01_0017.mp4,8,7,1,1
0051_01_0020.mp4,7,8,1,1
0051_01_0021.mp4,7,5,1,1
0051_01_0028.mp4,8,7,1,1
0051_01_0030.mp4,8,8,1,1
0051_01_0033.mp4,8,7,1,1
0051_01_0041.mp4,7,7,1,1
0051_01_0044.mp4,7,7,1,1
0051_01_0046.mp4,9,9,1,1
0051_01_0053.mp4,9,9,1,1
0051_01_0059.mp4,8,8,1,1
0051_01_0062.mp4,9,9,1,1
0051_01_0063.mp4,7,7,1,1
0051_01_0067.mp4,9,5,1,1
0051_01_0069.mp4,10,7,1,1
0051_01_0078.mp4,10,10,1,1
0051_01_0082.mp4,9,9,1,1
0051_01_0092.mp4,7,9,1,1
0051_01_0105.mp4,8,8,1,1
0051_01_0110.mp4,7,19,1,2
0051_01_0115.mp4,8,7,1,1
0051_01_0117.mp4,7,7,1,1
0051_01_0120.mp4,8,7,1,1
0051_01_0122.mp4,7,7,1,1
0051_01_0124.mp4,7,7,1,1
0051_01_0126.mp4,10,10,1,1
0051_01_0128.mp4,9,9,1,1
0051_01_0129.mp4,7,7,1,1
0051_01_0132.mp4,7,7,1,1
0051_01_0135.mp4,7,7,1,1
0051_01_0138.mp4,9,9,1,1
0051_01_0141.mp4,8,8,1,1
0051_01_0147.mp4,8,8,1,1
0051_01_0149.mp4,5,5,1,1
0051_01_0150.mp4,7,7,1,1
0051_01_0157.mp4,7,7,1,1
0051_01_0159.mp4,10,10,1,1
0051_01_0161.mp4,8,7,1,1
0051_01_0163.mp4,8,8,1,1
0051_01_0167.mp4,6,6,1,1
0051_01_0170.mp4,7,2,1,0
0051_02_0006.mp4,16,7,2,1
0051_02_0008.mp4,23,23,2,2
0051_02_0013.mp4,18,48,2,6
0051_02_0017.mp4,23,23,2,2
0051_02_0021.mp4,11,7,2,1
0051_03_0001.mp4,30,7,3,1
0051_03_0004.mp4,29,8,3,1
0051_03_0006.mp4,29,7,3,1
0051_06_0001.mp4,48,7,6,1
0051_06_0013.mp4,49,7,6,1
0051_06_0017.mp4,49,5,6,1
0052_01_0007.mp4,7,7,1,1
0052_01_0011.mp4,8,8,1,1
0052_01_0023.mp4,7,7,1,1
0052_01_0031.mp4,7,39,1,5
0052_01_0034.mp4,7,7,1,1
0052_01_0035.mp4,7,7,1,1
0052_01_0036.mp4,7,7,1,1
0052_01_0039.mp4,7,7,1,1
0052_01_0047.mp4,6,6,1,1
0052_01_0053.mp4,7,7,1,1
0052_01_0054.mp4,8,8,1,1
0052_01_0061.mp4,9,9,1,1
0052_01_0062.mp4,9,9,1,1
0052_01_0064.mp4,8,7,1,1
0052_01_0065.mp4,9,9,1,1
0052_01_0072.mp4,10,8,1,1
0052_01_0078.mp4,8,8,1,1
0052_01_0085.mp4,7,7,1,1
0052_01_0090.mp4,5,5,1,1
0052_01_0094.mp4,10,8,1,1
0052_01_0097.mp4,7,8,1,1
0052_01_0103.mp4,9,9,1,1
0052_01_0104.mp4,8,8,1,1
0052_01_0112.mp4,9,24,1,3
0052_01_0114.mp4,10,10,1,1
0052_01_0116.mp4,10,10,1,1
0052_01_0118.mp4,8,8,1,1
0052_01_0122.mp4,10,8,1,1
0052_01_0130.mp4,7,9,1,1
0052_01_0134.mp4,7,30,1,3
0052_01_0135.mp4,8,8,1,1
0052_01_0148.mp4,10,8,1,1
0052_01_0162.mp4,5,38,1,5
0052_01_0164.mp4,10,7,1,1
0052_01_0175.mp4,8,10,1,1
0052_01_0178.mp4,5,5,1,1
0052_01_0184.mp4,8,8,1,1
0052_01_0186.mp4,10,10,1,1
0052_01_0206.mp4,8,8,1,1
0052_01_0215.mp4,10,7,1,1
0052_01_0219.mp4,8,8,1,1
0052_01_0224.mp4,10,10,1,1
0052_01_0239.mp4,10,10,1,1
0052_01_0241.mp4,9,9,1,1
0052_01_0242.mp4,7,29,1,3
0052_01_0246.mp4,7,7,1,1
0052_01_0256.mp4,9,9,1,1
0052_01_0265.mp4,8,8,1,1
0052_01_0267.mp4,5,6,1,1
0052_01_0273.mp4,8,8,1,1
0052_01_0274.mp4,8,8,1,1
0052_01_0281.mp4,8,8,1,1
0052_01_0282.mp4,9,7,1,1
0052_01_0286.mp4,7,8,1,1
0052_01_0287.mp4,8,10,1,1
0052_01_0290.mp4,8,8,1,1
0052_02_0005.mp4,12,7,2,1
0052_02_0008.mp4,11,10,2,1
0052_02_0012.mp4,11,7,2,1
0052_02_0016.mp4,11,7,2,1
0052_02_0017.mp4,21,24,2,3
0052_02_0020.mp4,21,9,2,1
0052_02_0022.mp4,11,24,2,3
0052_02_0024.mp4,11,11,2,2
0052_02_0026.mp4,11,11,2,2
0052_02_0030.mp4,17,8,2,1
0052_02_0033.mp4,11,6,2,1
0052_03_0012.mp4,30,30,3,3
0052_03_0017.mp4,30,30,3,3
0052_03_0018.mp4,27,9,3,1
0052_04_0004.mp4,32,8,4,1
0052_04_0008.mp4,34,20,4,2
0052_04_0011.mp4,34,24,4,3
0052_04_0012.mp4,34,12,4,2
0052_04_0020.mp4,32,39,4,5
0052_05_0010.mp4,42,7,5,1
0052_05_0012.mp4,39,39,5,5
0052_05_0013.mp4,40,7,5,1
0052_05_0017.mp4,43,24,5,3
0052_05_0020.mp4,38,24,5,3
0052_05_0027.mp4,44,38,5,5
0052_05_0029.mp4,38,38,5,5
0052_05_0033.mp4,41,39,5,5
0052_06_0001.mp4,49,8,6,1
0052_06_0007.mp4,49,49,6,6
0052_06_0008.mp4,49,49,6,6
0052_06_0009.mp4,49,12,6,2
0052_06_0011.mp4,49,48,6,6
0053_01_0001.mp4,9,9,1,1
0053_01_0004.mp4,5,5,1,1
0053_01_0008.mp4,9,9,1,1
0053_01_0009.mp4,9,9,1,1
0053_01_0010.mp4,10,10,1,1
0053_01_0013.mp4,9,9,1,1
0053_01_0014.mp4,10,10,1,1
0053_01_0015.mp4,7,7,1,1
0053_01_0017.mp4,6,5,1,1
0053_01_0018.mp4,6,6,1,1
0053_01_0023.mp4,7,30,1,3
0053_01_0025.mp4,6,6,1,1
0053_02_0009.mp4,11,23,2,2
0053_02_0010.mp4,19,31,2,3
0053_02_0016.mp4,20,29,2,3
0053_04_0008.mp4,35,38,4,5
0053_04_0013.mp4,32,7,4,1
0053_04_0014.mp4,32,19,4,2
0053_04_0019.mp4,37,37,4,4
0053_04_0020.mp4,37,37,4,4
0053_05_0006.mp4,41,39,5,5
0053_06_0004.mp4,48,19,6,2
0054_00_0011.mp4,1,7,0,1
0054_00_0012.mp4,1,29,0,3
0054_00_0013.mp4,1,6,0,1
0054_00_0018.mp4,0,24,0,3
0054_00_0019.mp4,4,4,0,0
0054_00_0025.mp4,1,7,0,1
0054_00_0026.mp4,4,9,0,1
0054_00_0028.mp4,1,24,0,3
0054_00_0029.mp4,4,4,0,0
0054_00_0030.mp4,0,24,0,3
0054_00_0031.mp4,2,48,0,6
0054_00_0033.mp4,4,34,0,4
0054_01_0004.mp4,10,10,1,1
0054_01_0006.mp4,10,7,1,1
0054_01_0008.mp4,10,10,1,1
0054_01_0013.mp4,10,10,1,1
0054_01_0018.mp4,7,7,1,1
0054_01_0019.mp4,10,10,1,1
0054_01_0025.mp4,10,10,1,1
0054_01_0027.mp4,10,10,1,1
0054_01_0028.mp4,10,10,1,1
0054_01_0030.mp4,9,9,1,1
0054_01_0031.mp4,10,10,1,1
0054_01_0034.mp4,9,9,1,1
0054_02_0005.mp4,21,21,2,2
0054_02_0007.mp4,21,24,2,3
0054_02_0009.mp4,14,19,2,2
0054_02_0011.mp4,11,19,2,2
0054_02_0013.mp4,12,28,2,3
0054_02_0015.mp4,19,19,2,2
0054_02_0016.mp4,19,19,2,2
0054_02_0032.mp4,11,37,2,4
0054_02_0034.mp4,11,25,2,3
0054_02_0038.mp4,19,19,2,2
0054_02_0042.mp4,19,19,2,2
0054_02_0051.mp4,23,19,2,2
0054_02_0053.mp4,20,25,2,3
0054_02_0060.mp4,23,19,2,2
0054_03_0002.mp4,24,24,3,3
0054_03_0004.mp4,24,9,3,1
0054_03_0009.mp4,29,29,3,3
0054_03_0010.mp4,30,24,3,3
0054_03_0015.mp4,31,24,3,3
0054_03_0017.mp4,27,27,3,3
0054_03_0018.mp4,29,29,3,3
0054_03_0019.mp4,30,30,3,3
0054_03_0024.mp4,27,29,3,3
0054_03_0025.mp4,29,29,3,3
0054_03_0031.mp4,30,30,3,3
0054_03_0032.mp4,29,27,3,3
0054_03_0033.mp4,27,27,3,3
0054_03_0036.mp4,31,7,3,1
0054_03_0041.mp4,27,27,3,3
0054_03_0045.mp4,27,27,3,3
0054_03_0046.mp4,28,23,3,2
0054_03_0047.mp4,26,26,3,3
0054_03_0049.mp4,28,28,3,3
0054_03_0052.mp4,26,26,3,3
0054_03_0054.mp4,28,28,3,3
0054_03_0056.mp4,30,0,3,0
0054_03_0057.mp4,27,30,3,3
0054_03_0071.mp4,30,24,3,3
0054_03_0073.mp4,26,26,3,3
0054_03_0076.mp4,26,26,3,3
0054_04_0001.mp4,33,28,4,3
0054_04_0003.mp4,33,33,4,4
0054_04_0006.mp4,34,34,4,4
0054_04_0012.mp4,37,20,4,2
0054_05_0006.mp4,43,38,5,5
0054_05_0007.mp4,44,38,5,5
0054_05_0012.mp4,47,38,5,5
0054_05_0017.mp4,40,38,5,5
0054_05_0018.mp4,47,38,5,5
0054_05_0020.mp4,39,38,5,5
0054_05_0024.mp4,47,38,5,5
0054_05_0025.mp4,38,38,5,5
0054_05_0031.mp4,44,38,5,5
0054_05_0034.mp4,42,38,5,5
0054_05_0037.mp4,39,32,5,4
0054_06_0001.mp4,48,7,6,1
0054_06_0003.mp4,48,49,6,6
0054_06_0005.mp4,48,48,6,6
0055_00_0001.mp4,0,10,0,1
0055_01_0001.mp4,10,10,1,1
0057_00_0002.mp4,1,24,0,3
0057_01_0002.mp4,9,9,1,1
0057_01_0003.mp4,9,9,1,1
0057_01_0007.mp4,9,9,1,1
0057_01_0008.mp4,9,9,1,1
0057_01_0015.mp4,9,9,1,1
0057_01_0016.mp4,9,9,1,1
0057_01_0019.mp4,9,9,1,1
0057_01_0028.mp4,9,9,1,1
0057_01_0029.mp4,8,8,1,1
0057_01_0030.mp4,6,8,1,1
0057_01_0037.mp4,8,8,1,1
0057_01_0044.mp4,5,8,1,1
0057_01_0045.mp4,8,8,1,1
0057_01_0046.mp4,8,5,1,1
0057_01_0049.mp4,9,9,1,1
0057_01_0054.mp4,9,9,1,1
0057_01_0057.mp4,6,30,1,3
0057_01_0059.mp4,9,9,1,1
0057_01_0064.mp4,5,24,1,3
0057_01_0067.mp4,9,9,1,1
0057_01_0070.mp4,9,9,1,1
0057_01_0075.mp4,9,9,1,1
0057_01_0077.mp4,7,7,1,1
0057_01_0084.mp4,9,9,1,1
0057_01_0095.mp4,8,24,1,3
0057_01_0109.mp4,10,10,1,1
0057_01_0110.mp4,9,9,1,1
0057_01_0115.mp4,6,8,1,1
0057_01_0118.mp4,10,10,1,1
0057_01_0119.mp4,10,10,1,1
0057_01_0120.mp4,9,9,1,1
0057_01_0128.mp4,5,7,1,1
0057_01_0130.mp4,10,10,1,1
0057_01_0136.mp4,9,9,1,1
0057_01_0139.mp4,8,8,1,1
0057_01_0140.mp4,8,8,1,1
0057_02_0012.mp4,22,24,2,3
0057_02_0015.mp4,22,48,2,6
0057_02_0016.mp4,18,48,2,6
0057_02_0020.mp4,22,24,2,3
0057_02_0026.mp4,17,5,2,1
0057_02_0028.mp4,22,24,2,3
0057_03_0001.mp4,30,30,3,3
0057_06_0007.mp4,49,49,6,6
0058_01_0006.mp4,9,9,1,1
0058_01_0009.mp4,9,5,1,1
0058_01_0010.mp4,8,9,1,1
0058_01_0017.mp4,8,8,1,1
0058_01_0019.mp4,10,5,1,1
0058_01_0020.mp4,7,0,1,0
0058_01_0022.mp4,8,8,1,1
0058_01_0023.mp4,7,0,1,0
0058_01_0027.mp4,8,8,1,1
0058_01_0032.mp4,10,10,1,1
0058_01_0033.mp4,8,8,1,1
0058_01_0034.mp4,8,8,1,1
0058_01_0039.mp4,8,24,1,3
0058_01_0046.mp4,8,8,1,1
0058_01_0057.mp4,6,6,1,1
0058_01_0060.mp4,10,7,1,1
0058_01_0063.mp4,9,9,1,1
0058_01_0067.mp4,8,8,1,1
0058_01_0069.mp4,5,9,1,1
0058_02_0003.mp4,21,24,2,3
0058_02_0005.mp4,21,8,2,1
0058_02_0007.mp4,21,24,2,3
0058_04_0006.mp4,34,35,4,4
0058_04_0007.mp4,32,38,4,5
0058_05_0001.mp4,44,38,5,5
0058_05_0004.mp4,38,23,5,2
0059_00_0003.mp4,0,24,0,3
0059_00_0007.mp4,1,37,0,4
0059_00_0010.mp4,0,24,0,3
0059_01_0002.mp4,9,24,1,3
0059_01_0010.mp4,9,9,1,1
0059_01_0016.mp4,8,8,1,1
0059_01_0021.mp4,8,5,1,1
0059_01_0022.mp4,6,1,1,0
0059_01_0023.mp4,9,9,1,1
0059_01_0024.mp4,8,8,1,1
0059_01_0033.mp4,10,10,1,1
0059_01_0034.mp4,10,24,1,3
0059_01_0035.mp4,9,9,1,1
0059_01_0038.mp4,8,23,1,2
0059_01_0040.mp4,7,7,1,1
0059_01_0050.mp4,10,10,1,1
0059_01_0051.mp4,8,8,1,1
0059_01_0064.mp4,8,8,1,1
0059_01_0067.mp4,6,24,1,3
0059_01_0074.mp4,10,24,1,3
0059_01_0082.mp4,10,10,1,1
0059_01_0084.mp4,8,8,1,1
0059_01_0087.mp4,9,24,1,3
0059_01_0088.mp4,5,5,1,1
0059_01_0089.mp4,8,8,1,1
0059_01_0090.mp4,8,8,1,1
0059_01_0092.mp4,8,8,1,1
0059_01_0097.mp4,6,8,1,1
0059_01_0099.mp4,7,7,1,1
0059_01_0104.mp4,10,10,1,1
0059_01_0117.mp4,9,5,1,1
0059_02_0003.mp4,18,37,2,4
0059_02_0006.mp4,16,8,2,1
0059_02_0017.mp4,18,8,2,1
0059_02_0018.mp4,19,19,2,2
0059_02_0026.mp4,21,24,2,3
0059_02_0030.mp4,11,5,2,1
0059_02_0032.mp4,16,8,2,1
0059_02_0036.mp4,19,19,2,2
0059_03_0002.mp4,24,24,3,3
0059_03_0009.mp4,30,30,3,3
0059_03_0012.mp4,29,29,3,3
0059_03_0015.mp4,31,24,3,3
0059_03_0017.mp4,30,30,3,3
0059_03_0024.mp4,29,29,3,3
0059_03_0026.mp4,29,29,3,3
0059_03_0028.mp4,29,29,3,3
0059_03_0032.mp4,30,30,3,3
0059_04_0001.mp4,37,37,4,4
0059_04_0007.mp4,32,38,4,5
0059_04_0010.mp4,37,37,4,4
0059_04_0012.mp4,37,37,4,4
0059_05_0001.mp4,41,38,5,5
0059_05_0002.mp4,40,38,5,5
0059_05_0007.mp4,39,39,5,5
0059_05_0015.mp4,39,39,5,5
0059_05_0024.mp4,42,8,5,1
0059_06_0001.mp4,48,48,6,6
0059_06_0002.mp4,48,8,6,1
0060_00_0001.mp4,4,29,0,3
0060_00_0010.mp4,1,6,0,1
0060_00_0011.mp4,1,10,0,1
0060_00_0012.mp4,1,2,0,0
0060_01_0002.mp4,9,9,1,1
0060_01_0003.mp4,9,9,1,1
0060_01_0008.mp4,10,10,1,1
0060_01_0010.mp4,10,10,1,1
0060_01_0014.mp4,10,10,1,1
0060_01_0016.mp4,10,10,1,1
0060_01_0017.mp4,8,8,1,1
0060_01_0018.mp4,10,10,1,1
0060_01_0019.mp4,8,8,1,1
0060_01_0020.mp4,10,10,1,1
0060_01_0022.mp4,9,9,1,1
0060_01_0028.mp4,8,8,1,1
0060_01_0029.mp4,10,10,1,1
0060_01_0031.mp4,8,2,1,0
0060_01_0032.mp4,9,9,1,1
0060_01_0038.mp4,9,9,1,1
0060_01_0040.mp4,10,10,1,1
0060_01_0043.mp4,6,8,1,1
0060_01_0045.mp4,8,10,1,1
0060_01_0049.mp4,8,8,1,1
0060_01_0051.mp4,9,9,1,1
0060_01_0052.mp4,10,10,1,1
0060_01_0054.mp4,10,10,1,1
0060_01_0060.mp4,9,9,1,1
0060_01_0064.mp4,10,10,1,1
0060_01_0074.mp4,10,10,1,1
0060_01_0078.mp4,9,9,1,1
0060_01_0082.mp4,9,9,1,1
0060_01_0084.mp4,10,10,1,1
0060_01_0086.mp4,10,10,1,1
0060_01_0087.mp4,10,10,1,1
0060_01_0091.mp4,10,10,1,1
0060_01_0097.mp4,8,8,1,1
0060_01_0098.mp4,9,9,1,1
0060_01_0099.mp4,10,10,1,1
0060_01_0101.mp4,10,10,1,1
0060_01_0110.mp4,9,9,1,1
0060_01_0111.mp4,9,9,1,1
0060_01_0113.mp4,9,9,1,1
0060_01_0128.mp4,8,7,1,1
0060_02_0001.mp4,17,29,2,3
0060_02_0006.mp4,21,9,2,1
0060_02_0011.mp4,17,17,2,2
0060_03_0001.mp4,31,31,3,3
0060_03_0008.mp4,27,5,3,1
0060_03_0009.mp4,31,31,3,3
0060_06_0003.mp4,49,9,6,1
0061_00_0006.mp4,1,8,0,1
0061_00_0008.mp4,1,48,0,6
0061_00_0010.mp4,2,49,0,6
0061_01_0002.mp4,9,9,1,1
0061_01_0004.mp4,9,9,1,1
0061_01_0007.mp4,9,9,1,1
0061_01_0008.mp4,9,9,1,1
0061_01_0009.mp4,9,9,1,1
0061_01_0016.mp4,8,8,1,1
0061_01_0026.mp4,6,6,1,1
0061_01_0029.mp4,9,9,1,1
0061_01_0031.mp4,10,10,1,1
0061_01_0033.mp4,6,8,1,1
0061_01_0035.mp4,9,10,1,1
0061_01_0039.mp4,8,8,1,1
0061_01_0040.mp4,9,9,1,1
0061_01_0044.mp4,10,10,1,1
0061_01_0047.mp4,8,8,1,1
0061_01_0048.mp4,7,7,1,1
0061_01_0057.mp4,8,8,1,1
0061_01_0058.mp4,8,7,1,1
0061_01_0062.mp4,6,27,1,3
0061_01_0068.mp4,8,5,1,1
0061_01_0069.mp4,10,10,1,1
0061_01_0078.mp4,10,10,1,1
0061_01_0079.mp4,9,9,1,1
0061_01_0089.mp4,9,35,1,4
0061_01_0092.mp4,8,48,1,6
0061_01_0101.mp4,10,10,1,1
0061_01_0112.mp4,7,9,1,1
0061_01_0114.mp4,5,5,1,1
0061_01_0116.mp4,9,9,1,1
0061_01_0118.mp4,10,10,1,1
0061_01_0120.mp4,7,7,1,1
0061_01_0122.mp4,8,8,1,1
0061_01_0124.mp4,10,10,1,1
0061_01_0129.mp4,10,10,1,1
0061_01_0131.mp4,5,5,1,1
0061_01_0132.mp4,9,9,1,1
0061_01_0137.mp4,8,7,1,1
0061_01_0143.mp4,7,8,1,1
0061_01_0145.mp4,6,6,1,1
0061_01_0149.mp4,9,9,1,1
0061_01_0155.mp4,6,8,1,1
0061_01_0157.mp4,8,38,1,5
0061_01_0158.mp4,8,8,1,1
0061_01_0161.mp4,9,9,1,1
0061_01_0169.mp4,8,8,1,1
0061_01_0170.mp4,10,10,1,1
0061_01_0178.mp4,8,8,1,1
0061_01_0183.mp4,9,5,1,1
0061_01_0184.mp4,9,6,1,1
0061_02_0004.mp4,21,9,2,1
0061_02_0006.mp4,21,1,2,0
0061_02_0008.mp4,21,7,2,1
0061_02_0009.mp4,22,10,2,1
0061_02_0011.mp4,22,24,2,3
0061_02_0014.mp4,22,24,2,3
0061_02_0025.mp4,21,26,2,3
0061_02_0026.mp4,13,7,2,1
0061_02_0028.mp4,21,21,2,2
0061_02_0029.mp4,21,24,2,3
0061_02_0030.mp4,21,48,2,6
0061_02_0034.mp4,11,48,2,6
0061_02_0041.mp4,11,23,2,2
0061_02_0042.mp4,20,48,2,6
0061_02_0050.mp4,21,48,2,6
0061_02_0052.mp4,11,2,2,0
0061_02_0053.mp4,21,48,2,6
0061_02_0068.mp4,11,11,2,2
0061_02_0069.mp4,11,11,2,2
0061_02_0070.mp4,11,11,2,2
0061_02_0071.mp4,11,11,2,2
0061_02_0075.mp4,11,8,2,1
0061_02_0078.mp4,11,9,2,1
0061_02_0080.mp4,11,11,2,2
0061_02_0088.mp4,11,10,2,1
0061_02_0089.mp4,11,27,2,3
0061_02_0091.mp4,11,7,2,1
0061_02_0092.mp4,11,7,2,1
0061_02_0093.mp4,11,8,2,1
0061_02_0102.mp4,21,9,2,1
0061_02_0104.mp4,11,8,2,1
0061_03_0009.mp4,26,9,3,1
0061_03_0012.mp4,24,21,3,2
0061_03_0025.mp4,30,30,3,3
0061_04_0002.mp4,36,48,4,6
0061_04_0006.mp4,33,19,4,2
0061_04_0008.mp4,37,37,4,4
0061_05_0006.mp4,41,38,5,5
0061_05_0010.mp4,41,23,5,2
0061_05_0013.mp4,40,38,5,5
0061_05_0014.mp4,38,38,5,5
0061_05_0017.mp4,47,38,5,5
0061_05_0019.mp4,43,38,5,5
0061_05_0020.mp4,43,38,5,5
0061_05_0023.mp4,43,38,5,5
0061_06_0010.mp4,48,39,6,5
0061_06_0012.mp4,49,48,6,6
0061_06_0018.mp4,48,48,6,6
0061_06_0019.mp4,48,48,6,6
0061_06_0023.mp4,48,48,6,6
0061_06_0026.mp4,48,48,6,6
0061_06_0034.mp4,49,48,6,6
0061_06_0040.mp4,48,48,6,6
0061_06_0044.mp4,48,48,6,6
0061_06_0045.mp4,48,9,6,1
0061_06_0046.mp4,48,7,6,1
0061_06_0053.mp4,48,48,6,6
0061_06_0056.mp4,48,39,6,5
0062_00_0002.mp4,0,7,0,1
0062_01_0009.mp4,8,8,1,1
0062_01_0015.mp4,8,8,1,1
0062_01_0019.mp4,10,10,1,1
0062_01_0025.mp4,8,8,1,1
0062_01_0028.mp4,10,8,1,1
0062_01_0037.mp4,9,9,1,1
0062_02_0004.mp4,19,19,2,2
0062_02_0009.mp4,23,23,2,2
0062_02_0013.mp4,17,5,2,1
0062_02_0016.mp4,20,23,2,2
0062_02_0020.mp4,23,23,2,2
0062_02_0024.mp4,19,19,2,2
0062_02_0025.mp4,17,10,2,1
0062_02_0028.mp4,17,38,2,5
0062_03_0002.mp4,29,6,3,1
0062_05_0005.mp4,39,38,5,5
0062_06_0016.mp4,48,48,6,6
0062_06_0017.mp4,48,48,6,6
0063_01_0001.mp4,9,9,1,1
0063_01_0006.mp4,10,10,1,1
0063_01_0009.mp4,9,9,1,1
0063_01_0012.mp4,9,9,1,1
0063_01_0017.mp4,10,10,1,1
0063_01_0021.mp4,9,9,1,1
0063_01_0030.mp4,10,10,1,1
0063_01_0032.mp4,10,10,1,1
0063_01_0035.mp4,9,9,1,1
0063_01_0036.mp4,9,9,1,1
0063_01_0040.mp4,9,9,1,1
0063_01_0051.mp4,9,9,1,1
0063_01_0053.mp4,9,9,1,1
0063_01_0056.mp4,9,9,1,1
0063_01_0060.mp4,9,9,1,1
0063_01_0062.mp4,9,9,1,1
0063_01_0066.mp4,9,9,1,1
0063_01_0067.mp4,9,9,1,1
0063_01_0071.mp4,9,9,1,1
0063_01_0073.mp4,9,9,1,1
0063_01_0074.mp4,9,9,1,1
0063_01_0075.mp4,9,9,1,1
0063_01_0085.mp4,9,9,1,1
0063_01_0086.mp4,9,9,1,1
0063_01_0095.mp4,10,10,1,1
0063_01_0102.mp4,9,9,1,1
0063_01_0103.mp4,10,10,1,1
0063_01_0115.mp4,9,9,1,1
0063_01_0117.mp4,9,9,1,1
0063_01_0121.mp4,9,9,1,1
0063_01_0128.mp4,9,9,1,1
0063_01_0133.mp4,10,10,1,1
0063_01_0134.mp4,9,9,1,1
0063_01_0138.mp4,10,10,1,1
0063_01_0143.mp4,9,9,1,1
0063_01_0151.mp4,9,9,1,1
0063_01_0162.mp4,9,9,1,1
0063_01_0164.mp4,10,10,1,1
0063_01_0174.mp4,9,9,1,1
0063_01_0180.mp4,9,9,1,1
0063_01_0181.mp4,9,9,1,1
0063_01_0183.mp4,9,9,1,1
0063_02_0002.mp4,11,8,2,1
0063_02_0003.mp4,16,48,2,6
0063_02_0006.mp4,13,16,2,2
0063_02_0010.mp4,16,48,2,6
0063_04_0003.mp4,34,16,4,2
0063_05_0003.mp4,39,39,5,5
0063_05_0004.mp4,47,38,5,5
0063_05_0005.mp4,47,38,5,5
0063_05_0010.mp4,47,40,5,5
0064_00_0003.mp4,1,2,0,0
0064_00_0004.mp4,1,48,0,6
0064_01_0012.mp4,9,9,1,1
0064_01_0013.mp4,9,9,1,1
0064_01_0016.mp4,9,9,1,1
0064_01_0023.mp4,10,48,1,6
0064_01_0028.mp4,10,10,1,1
0064_01_0031.mp4,5,8,1,1
0064_01_0035.mp4,8,8,1,1
0064_01_0038.mp4,8,8,1,1
0064_01_0042.mp4,8,8,1,1
0064_01_0044.mp4,8,8,1,1
0064_01_0045.mp4,8,8,1,1
0064_01_0048.mp4,8,8,1,1
0064_01_0051.mp4,8,8,1,1
0064_01_0056.mp4,8,8,1,1
0064_01_0058.mp4,8,8,1,1
0064_01_0060.mp4,8,8,1,1
0064_01_0061.mp4,9,9,1,1
0064_01_0063.mp4,8,8,1,1
0064_01_0068.mp4,10,10,1,1
0064_01_0072.mp4,7,8,1,1
0064_01_0074.mp4,8,8,1,1
0064_01_0078.mp4,8,8,1,1
0064_01_0079.mp4,9,8,1,1
0064_01_0081.mp4,8,19,1,2
0064_01_0082.mp4,8,8,1,1
0064_01_0083.mp4,8,8,1,1
0064_01_0084.mp4,8,8,1,1
0064_01_0085.mp4,10,10,1,1
0064_01_0088.mp4,10,10,1,1
0064_01_0092.mp4,8,8,1,1
0064_01_0093.mp4,10,10,1,1
0064_01_0095.mp4,8,8,1,1
0064_01_0098.mp4,10,10,1,1
0064_01_0099.mp4,8,8,1,1
0064_01_0103.mp4,7,7,1,1
0064_01_0104.mp4,8,8,1,1
0064_01_0107.mp4,7,19,1,2
0064_01_0111.mp4,10,10,1,1
0064_01_0116.mp4,9,9,1,1
0064_01_0119.mp4,8,8,1,1
0064_01_0121.mp4,10,10,1,1
0064_01_0123.mp4,6,6,1,1
0064_01_0126.mp4,7,8,1,1
0064_01_0128.mp4,9,8,1,1
0064_01_0132.mp4,8,8,1,1
0064_01_0143.mp4,8,8,1,1
0064_01_0150.mp4,8,8,1,1
0064_01_0161.mp4,5,5,1,1
0064_01_0166.mp4,10,10,1,1
0064_01_0169.mp4,7,7,1,1
0064_01_0175.mp4,9,9,1,1
0064_01_0181.mp4,9,8,1,1
0064_01_0182.mp4,10,10,1,1
0064_01_0187.mp4,9,9,1,1
0064_01_0188.mp4,8,8,1,1
0064_01_0190.mp4,8,11,1,2
0064_01_0197.mp4,8,23,1,2
0064_01_0198.mp4,8,8,1,1
0064_01_0199.mp4,10,8,1,1
0064_02_0012.mp4,13,8,2,1
0064_02_0013.mp4,19,19,2,2
0064_02_0014.mp4,23,8,2,1
0064_02_0024.mp4,23,23,2,2
0064_02_0028.mp4,19,19,2,2
0064_02_0030.mp4,21,48,2,6
0064_02_0032.mp4,21,7,2,1
0064_04_0008.mp4,32,40,4,5
0064_05_0001.mp4,43,47,5,5
0064_05_0006.mp4,43,38,5,5
0064_05_0014.mp4,43,47,5,5
0064_05_0016.mp4,43,40,5,5
0064_05_0019.mp4,43,38,5,5
0064_05_0030.mp4,43,38,5,5
0064_06_0013.mp4,48,48,6,6
0065_00_0008.mp4,0,7,0,1
0065_00_0009.mp4,4,24,0,3
0065_01_0004.mp4,9,9,1,1
0065_01_0005.mp4,10,10,1,1
0065_01_0009.mp4,10,10,1,1
0065_01_0012.mp4,8,7,1,1
0065_01_0014.mp4,9,9,1,1
0065_01_0017.mp4,10,10,1,1
0065_01_0018.mp4,8,8,1,1
0065_01_0031.mp4,10,10,1,1
0065_02_0002.mp4,11,48,2,6
0065_02_0021.mp4,22,24,2,3
0065_02_0022.mp4,22,10,2,1
0065_02_0024.mp4,23,19,2,2
0065_02_0027.mp4,23,23,2,2
0065_02_0031.mp4,20,23,2,2
0065_03_0002.mp4,27,48,3,6
0065_03_0005.mp4,27,27,3,3
0065_06_0004.mp4,50,26,6,3
0065_06_0007.mp4,50,24,6,3
0065_06_0008.mp4,48,5,6,1
0066_01_0003.mp4,10,24,1,3
0066_01_0005.mp4,8,40,1,5
0066_01_0008.mp4,8,8,1,1
0066_01_0014.mp4,8,8,1,1
0066_01_0015.mp4,5,5,1,1
0066_01_0016.mp4,6,9,1,1
0066_01_0024.mp4,5,5,1,1
0066_02_0007.mp4,22,23,2,2
0066_02_0014.mp4,11,17,2,2
0066_02_0015.mp4,11,23,2,2
0066_02_0016.mp4,11,11,2,2
0066_02_0017.mp4,23,8,2,1
0066_02_0019.mp4,11,23,2,2
0066_02_0021.mp4,23,23,2,2
0066_03_0003.mp4,30,6,3,1
0066_03_0006.mp4,31,5,3,1
0066_03_0007.mp4,31,24,3,3
0066_03_0010.mp4,30,24,3,3
0066_03_0014.mp4,29,29,3,3
0066_03_0016.mp4,30,5,3,1
0066_05_0008.mp4,44,7,5,1
0066_05_0009.mp4,44,38,5,5
0066_05_0010.mp4,39,39,5,5
0066_05_0011.mp4,44,38,5,5
0066_05_0014.mp4,39,5,5,1
0066_05_0015.mp4,43,38,5,5
0066_05_0016.mp4,39,5,5,1
0066_06_0003.mp4,48,23,6,2
0066_06_0004.mp4,48,48,6,6
0066_06_0006.mp4,48,48,6,6
0066_06_0007.mp4,51,24,6,3
0066_06_0008.mp4,48,48,6,6
0066_06_0011.mp4,48,48,6,6
0067_00_0009.mp4,1,1,0,0
0067_00_0015.mp4,1,1,0,0
0067_00_0017.mp4,4,4,0,0
0067_01_0004.mp4,10,9,1,1
0067_01_0005.mp4,6,6,1,1
0067_01_0006.mp4,5,5,1,1
0067_02_0009.mp4,16,25,2,3
0067_02_0012.mp4,18,23,2,2
0067_02_0014.mp4,16,48,2,6
0067_02_0015.mp4,23,6,2,1
0067_02_0016.mp4,23,20,2,2
0067_03_0011.mp4,30,30,3,3
0067_03_0016.mp4,30,8,3,1
0067_03_0018.mp4,29,29,3,3
0067_03_0020.mp4,29,29,3,3
0067_03_0034.mp4,28,29,3,3
0067_03_0036.mp4,29,29,3,3
0067_03_0037.mp4,29,29,3,3
0067_03_0048.mp4,30,30,3,3
0067_05_0003.mp4,41,38,5,5
0067_06_0001.mp4,49,30,6,3
0067_06_0002.mp4,49,1,6,0
0067_06_0005.mp4,49,24,6,3
0067_06_0011.mp4,48,48,6,6
0068_00_0001.mp4,0,6,0,1
0068_00_0005.mp4,0,0,0,0
0068_00_0011.mp4,0,0,0,0
0068_00_0015.mp4,0,30,0,3
0068_00_0019.mp4,3,48,0,6
0068_00_0022.mp4,0,0,0,0
0068_00_0023.mp4,0,25,0,3
0068_01_0001.mp4,5,5,1,1
0068_01_0005.mp4,7,7,1,1
0068_01_0014.mp4,5,5,1,1
0068_01_0018.mp4,10,7,1,1
0068_02_0002.mp4,23,7,2,1
0068_02_0014.mp4,23,23,2,2
0068_02_0017.mp4,21,48,2,6
0068_02_0018.mp4,13,48,2,6
0068_06_0002.mp4,48,48,6,6
0068_06_0011.mp4,48,48,6,6
0068_06_0012.mp4,49,8,6,1
0068_06_0021.mp4,48,5,6,1
0069_00_0002.mp4,0,24,0,3
0069_00_0005.mp4,0,8,0,1
0069_00_0009.mp4,0,26,0,3
0069_01_0008.mp4,8,8,1,1
0069_01_0009.mp4,8,8,1,1
0069_01_0011.mp4,10,10,1,1
0069_01_0015.mp4,8,8,1,1
0069_01_0029.mp4,9,9,1,1
0069_01_0031.mp4,9,9,1,1
0069_01_0045.mp4,8,24,1,3
0069_01_0047.mp4,8,8,1,1
0069_01_0048.mp4,8,8,1,1
0069_01_0052.mp4,8,23,1,2
0069_01_0054.mp4,8,8,1,1
0069_01_0059.mp4,8,8,1,1
0069_01_0063.mp4,8,7,1,1
0069_01_0064.mp4,10,10,1,1
0069_01_0069.mp4,8,8,1,1
0069_01_0073.mp4,8,8,1,1
0069_01_0082.mp4,8,8,1,1
0069_01_0084.mp4,8,8,1,1
0069_01_0088.mp4,8,8,1,1
0069_01_0096.mp4,5,5,1,1
0069_01_0101.mp4,8,8,1,1
0069_01_0110.mp4,9,9,1,1
0069_01_0114.mp4,10,10,1,1
0069_01_0118.mp4,8,8,1,1
0069_01_0120.mp4,10,10,1,1
0069_01_0121.mp4,10,10,1,1
0069_01_0122.mp4,8,10,1,1
0069_01_0125.mp4,8,8,1,1
0069_02_0005.mp4,22,22,2,2
0069_02_0008.mp4,23,23,2,2
0069_02_0010.mp4,19,23,2,2
0069_02_0012.mp4,23,23,2,2
0069_02_0014.mp4,21,24,2,3
0069_02_0020.mp4,23,23,2,2
0069_02_0028.mp4,12,33,2,4
0069_04_0002.mp4,33,35,4,4
0069_05_0005.mp4,40,39,5,5
0069_05_0015.mp4,39,8,5,1
0070_01_0001.mp4,9,9,1,1
0070_01_0002.mp4,9,24,1,3
0070_01_0007.mp4,10,10,1,1
0070_01_0010.mp4,10,10,1,1
0070_01_0012.mp4,10,10,1,1
0070_01_0013.mp4,10,10,1,1
0070_01_0020.mp4,9,9,1,1
0070_01_0025.mp4,9,9,1,1
0070_01_0029.mp4,10,10,1,1
0070_01_0034.mp4,10,10,1,1
0070_01_0038.mp4,10,10,1,1
0070_01_0044.mp4,9,9,1,1
0070_01_0047.mp4,9,9,1,1
0070_01_0051.mp4,9,9,1,1
0070_01_0053.mp4,10,10,1,1
0070_01_0054.mp4,9,9,1,1
0070_01_0062.mp4,9,9,1,1
0070_01_0064.mp4,10,10,1,1
0070_01_0066.mp4,5,5,1,1
0070_01_0067.mp4,6,6,1,1
0070_01_0070.mp4,10,10,1,1
0070_01_0075.mp4,10,9,1,1
0070_01_0081.mp4,9,9,1,1
0070_01_0084.mp4,9,9,1,1
0070_01_0086.mp4,10,8,1,1
0070_01_0089.mp4,9,9,1,1
0070_01_0091.mp4,10,10,1,1
0070_01_0092.mp4,9,9,1,1
0070_01_0096.mp4,6,6,1,1
0070_01_0097.mp4,9,9,1,1
0070_01_0104.mp4,5,5,1,1
0070_01_0107.mp4,8,49,1,6
0070_01_0115.mp4,9,9,1,1
0070_01_0124.mp4,9,9,1,1
0070_01_0132.mp4,10,10,1,1
0070_01_0136.mp4,10,10,1,1
0070_01_0138.mp4,10,10,1,1
0070_01_0142.mp4,6,6,1,1
0070_01_0154.mp4,10,10,1,1
0070_01_0156.mp4,10,10,1,1
0070_01_0157.mp4,9,9,1,1
0070_01_0158.mp4,10,27,1,3
0070_01_0162.mp4,9,9,1,1
0070_02_0002.mp4,21,10,2,1
0070_02_0007.mp4,21,9,2,1
0070_02_0009.mp4,19,5,2,1
0070_05_0004.mp4,42,40,5,5
0070_06_0004.mp4,49,49,6,6
0070_06_0007.mp4,48,6,6,1
0070_06_0008.mp4,48,8,6,1
0070_06_0010.mp4,49,1,6,0
0070_06_0012.mp4,48,9,6,1
0070_06_0018.mp4,49,49,6,6
0071_00_0002.mp4,2,14,0,2
0071_00_0003.mp4,0,30,0,3
0071_01_0007.mp4,10,10,1,1
0071_01_0013.mp4,7,7,1,1
0071_01_0017.mp4,5,5,1,1
0071_01_0018.mp4,6,6,1,1
0071_01_0020.mp4,5,5,1,1
0071_01_0025.mp4,6,6,1,1
0071_01_0029.mp4,5,5,1,1
0071_01_0038.mp4,6,6,1,1
0071_01_0042.mp4,6,6,1,1
0071_01_0046.mp4,5,5,1,1
0071_01_0049.mp4,5,5,1,1
0071_01_0051.mp4,6,6,1,1
0071_01_0054.mp4,5,5,1,1
0071_01_0060.mp4,5,5,1,1
0071_01_0064.mp4,6,6,1,1
0071_01_0067.mp4,5,5,1,1
0071_01_0068.mp4,6,6,1,1
0071_01_0073.mp4,6,6,1,1
0071_01_0074.mp4,5,5,1,1
0071_01_0078.mp4,5,5,1,1
0071_01_0081.mp4,5,5,1,1
0071_01_0087.mp4,5,5,1,1
0071_01_0091.mp4,6,6,1,1
0071_01_0095.mp4,8,8,1,1
0071_01_0098.mp4,6,6,1,1
0071_01_0104.mp4,5,5,1,1
0071_01_0106.mp4,6,6,1,1
0071_01_0114.mp4,6,6,1,1
0071_01_0115.mp4,6,6,1,1
0071_01_0119.mp4,5,5,1,1
0071_02_0001.mp4,23,19,2,2
0071_02_0011.mp4,19,7,2,1
0071_02_0013.mp4,11,11,2,2
0071_03_0016.mp4,24,24,3,3
0071_03_0023.mp4,30,30,3,3
0071_03_0025.mp4,24,24,3,3
0071_03_0026.mp4,24,24,3,3
0071_03_0027.mp4,31,5,3,1
0071_04_0001.mp4,34,23,4,2
0071_05_0010.mp4,42,38,5,5
0071_06_0001.mp4,49,19,6,2
0072_00_0001.mp4,0,9,0,1
0072_00_0007.mp4,1,29,0,3
0072_00_0011.mp4,0,24,0,3
0072_00_0016.mp4,1,25,0,3
0072_01_0001.mp4,9,9,1,1
0072_01_0005.mp4,9,29,1,3
0072_01_0006.mp4,9,9,1,1
0072_01_0007.mp4,9,9,1,1
0072_01_0014.mp4,9,9,1,1
0072_01_0017.mp4,9,30,1,3
0072_01_0018.mp4,9,9,1,1
0072_01_0025.mp4,9,24,1,3
0072_01_0031.mp4,9,9,1,1
0072_01_0036.mp4,7,7,1,1
0072_01_0048.mp4,9,9,1,1
0072_01_0049.mp4,5,5,1,1
0072_01_0050.mp4,9,9,1,1
0072_01_0055.mp4,5,5,1,1
0072_01_0059.mp4,10,10,1,1
0072_01_0063.mp4,10,10,1,1
0072_01_0065.mp4,9,9,1,1
0072_01_0075.mp4,5,9,1,1
0072_01_0078.mp4,9,9,1,1
0072_01_0080.mp4,10,10,1,1
0072_01_0081.mp4,5,5,1,1
0072_01_0082.mp4,5,5,1,1
0072_01_0090.mp4,5,5,1,1
0072_01_0091.mp4,8,8,1,1
0072_02_0001.mp4,19,19,2,2
0072_02_0002.mp4,19,9,2,1
0072_02_0009.mp4,19,9,2,1
0072_02_0010.mp4,20,20,2,2
0072_02_0013.mp4,20,19,2,2
0072_03_0001.mp4,28,28,3,3
0072_03_0003.mp4,25,25,3,3
0072_03_0006.mp4,30,30,3,3
0072_03_0015.mp4,25,19,3,2
0072_05_0001.mp4,40,24,5,3
0072_05_0003.mp4,39,39,5,5
0072_05_0005.mp4,42,38,5,5
0072_05_0008.mp4,43,38,5,5
0072_05_0010.mp4,41,39,5,5
0072_06_0001.mp4,48,9,6,1
0073_00_0001.mp4,0,27,0,3
0073_00_0003.mp4,0,27,0,3
0073_01_0011.mp4,10,10,1,1
0073_01_0018.mp4,7,7,1,1
0073_01_0019.mp4,9,9,1,1
0073_01_0020.mp4,9,49,1,6
0073_02_0002.mp4,17,17,2,2
0073_03_0001.mp4,30,30,3,3
0073_03_0005.mp4,27,0,3,0
0073_05_0003.mp4,41,38,5,5
0073_05_0004.mp4,42,38,5,5
0073_05_0005.mp4,42,38,5,5
0073_06_0002.mp4,49,48,6,6
0074_00_0002.mp4,0,0,0,0
0074_00_0030.mp4,4,5,0,1
0074_00_0037.mp4,0,0,0,0
0074_01_0002.mp4,10,10,1,1
0074_01_0006.mp4,5,5,1,1
0074_01_0009.mp4,6,6,1,1
0074_01_0010.mp4,5,5,1,1
0074_01_0011.mp4,5,5,1,1
0074_01_0012.mp4,6,6,1,1
0074_01_0018.mp4,6,6,1,1
0074_01_0023.mp4,8,8,1,1
0074_01_0024.mp4,7,23,1,2
0074_01_0026.mp4,10,10,1,1
0074_02_0002.mp4,19,23,2,2
0074_02_0010.mp4,15,33,2,4
0074_02_0015.mp4,23,20,2,2
0074_02_0016.mp4,23,23,2,2
0074_02_0019.mp4,23,23,2,2
0074_02_0021.mp4,19,19,2,2
0074_02_0023.mp4,23,23,2,2
0074_02_0038.mp4,19,23,2,2
0074_02_0039.mp4,19,19,2,2
0074_02_0042.mp4,19,23,2,2
0074_02_0044.mp4,23,20,2,2
0074_02_0047.mp4,11,23,2,2
0074_03_0003.mp4,29,29,3,3
0074_03_0007.mp4,31,5,3,1
0074_03_0009.mp4,25,25,3,3
0074_03_0024.mp4,31,5,3,1
0074_03_0026.mp4,25,25,3,3
0074_05_0001.mp4,43,38,5,5
0074_05_0004.mp4,44,40,5,5
0074_05_0006.mp4,43,38,5,5
0074_05_0013.mp4,39,38,5,5
0074_06_0001.mp4,48,25,6,3
0074_06_0002.mp4,48,31,6,3
0074_06_0003.mp4,48,19,6,2
0075_00_0009.mp4,4,4,0,0
0075_00_0023.mp4,4,9,0,1
0075_00_0029.mp4,0,0,0,0
0075_00_0037.mp4,4,4,0,0
0075_01_0006.mp4,9,9,1,1
0075_01_0013.mp4,10,10,1,1
0075_01_0017.mp4,9,9,1,1
0075_01_0021.mp4,10,10,1,1
0075_01_0033.mp4,10,10,1,1
0075_01_0040.mp4,10,10,1,1
0075_01_0042.mp4,10,10,1,1
0075_01_0050.mp4,5,5,1,1
0075_01_0053.mp4,5,4,1,0
0075_01_0058.mp4,8,14,1,2
0075_01_0060.mp4,10,10,1,1
0075_01_0068.mp4,10,10,1,1
0075_01_0071.mp4,10,10,1,1
0075_01_0072.mp4,10,10,1,1
0075_01_0073.mp4,5,5,1,1
0075_01_0080.mp4,10,10,1,1
0075_01_0081.mp4,10,10,1,1
0075_01_0083.mp4,10,10,1,1
0075_01_0085.mp4,10,10,1,1
0075_01_0091.mp4,10,10,1,1
0075_01_0094.mp4,10,10,1,1
0075_01_0098.mp4,10,10,1,1
0075_01_0100.mp4,10,8,1,1
0075_01_0101.mp4,10,10,1,1
0075_02_0005.mp4,17,9,2,1
0075_02_0014.mp4,13,30,2,3
0075_02_0024.mp4,17,17,2,2
0075_02_0026.mp4,13,31,2,3
0075_02_0028.mp4,17,19,2,2
0075_02_0030.mp4,17,17,2,2
0075_02_0031.mp4,20,20,2,2
0075_02_0034.mp4,17,17,2,2
0075_02_0036.mp4,20,20,2,2
0075_02_0037.mp4,17,17,2,2
0075_02_0041.mp4,17,17,2,2
0075_02_0042.mp4,17,17,2,2
0075_02_0050.mp4,17,17,2,2
0075_02_0052.mp4,23,17,2,2
0075_02_0054.mp4,17,17,2,2
0075_02_0057.mp4,23,17,2,2
0075_02_0058.mp4,17,17,2,2
0075_02_0062.mp4,17,17,2,2
0075_02_0069.mp4,14,17,2,2
0075_02_0078.mp4,17,17,2,2
0075_02_0079.mp4,11,17,2,2
0075_02_0087.mp4,19,19,2,2
0075_02_0091.mp4,17,9,2,1
0075_03_0001.mp4,26,26,3,3
0075_03_0003.mp4,29,29,3,3
0075_03_0004.mp4,30,30,3,3
0075_03_0005.mp4,29,29,3,3
0075_03_0007.mp4,29,29,3,3
0075_05_0002.mp4,39,39,5,5
0075_06_0002.mp4,49,9,6,1
0075_06_0005.mp4,49,9,6,1
0076_00_0011.mp4,4,2,0,0
0076_00_0015.mp4,0,0,0,0
0076_00_0017.mp4,1,48,0,6
0076_01_0002.mp4,8,31,1,3
0076_01_0004.mp4,9,9,1,1
0076_01_0009.mp4,10,24,1,3
0076_01_0015.mp4,10,10,1,1
0076_01_0018.mp4,10,10,1,1
0076_01_0019.mp4,9,9,1,1
0076_01_0021.mp4,10,19,1,2
0076_01_0025.mp4,10,10,1,1
0076_01_0028.mp4,9,10,1,1
0076_01_0029.mp4,5,5,1,1
0076_01_0035.mp4,6,20,1,2
0076_01_0044.mp4,6,30,1,3
0076_02_0009.mp4,15,15,2,2
0076_02_0017.mp4,17,23,2,2
0076_02_0021.mp4,15,9,2,1
0076_02_0022.mp4,19,20,2,2
0076_02_0033.mp4,20,9,2,1
0076_02_0034.mp4,13,24,2,3
0076_02_0036.mp4,19,19,2,2
0076_02_0040.mp4,23,23,2,2
0076_02_0042.mp4,23,23,2,2
0076_02_0044.mp4,19,19,2,2
0076_02_0045.mp4,19,19,2,2
0076_02_0060.mp4,21,14,2,2
0076_02_0062.mp4,19,19,2,2
0076_02_0070.mp4,13,4,2,0
0076_02_0071.mp4,19,19,2,2
0076_02_0072.mp4,19,19,2,2
0076_02_0074.mp4,19,48,2,6
0076_02_0075.mp4,19,19,2,2
0076_02_0077.mp4,23,20,2,2
0076_02_0079.mp4,19,19,2,2
0076_02_0081.mp4,12,24,2,3
0076_02_0082.mp4,19,9,2,1
0076_02_0091.mp4,19,19,2,2
0076_02_0092.mp4,19,19,2,2
0076_02_0093.mp4,14,24,2,3
0076_02_0094.mp4,19,19,2,2
0076_02_0096.mp4,17,19,2,2
0076_02_0098.mp4,13,14,2,2
0076_02_0099.mp4,19,19,2,2
0076_02_0101.mp4,13,2,2,0
0076_02_0106.mp4,18,18,2,2
0076_02_0107.mp4,19,19,2,2
0076_02_0109.mp4,19,19,2,2
0076_02_0110.mp4,21,33,2,4
0076_02_0111.mp4,19,20,2,2
0076_02_0115.mp4,17,19,2,2
0076_02_0118.mp4,17,19,2,2
0076_02_0127.mp4,11,9,2,1
0076_02_0128.mp4,20,10,2,1
0076_02_0130.mp4,23,38,2,5
0076_02_0132.mp4,18,23,2,2
0076_02_0144.mp4,18,20,2,2
0076_02_0147.mp4,20,20,2,2
0076_02_0152.mp4,19,19,2,2
0076_03_0008.mp4,25,7,3,1
0076_04_0002.mp4,35,38,4,5
0076_04_0010.mp4,36,36,4,4
0076_04_0012.mp4,35,23,4,2
0076_06_0005.mp4,49,9,6,1
0076_06_0008.mp4,49,12,6,2
0076_06_0009.mp4,48,19,6,2
0076_06_0012.mp4,50,14,6,2
0077_01_0017.mp4,9,9,1,1
0077_01_0018.mp4,10,10,1,1
0077_01_0026.mp4,10,10,1,1
0077_01_0032.mp4,6,6,1,1
0077_01_0034.mp4,9,9,1,1
0077_01_0036.mp4,9,9,1,1
0077_02_0002.mp4,12,49,2,6
0077_03_0008.mp4,31,29,3,3
0077_04_0005.mp4,32,39,4,5
0077_05_0005.mp4,38,38,5,5
0077_05_0006.mp4,38,38,5,5
0077_05_0020.mp4,41,40,5,5
0077_05_0024.mp4,38,38,5,5
0077_05_0025.mp4,38,38,5,5
0077_05_0029.mp4,41,38,5,5
0077_05_0033.mp4,41,38,5,5
0078_00_0001.mp4,4,29,0,3
0078_01_0013.mp4,9,9,1,1
0078_01_0019.mp4,9,9,1,1
0078_01_0029.mp4,9,9,1,1
0078_01_0032.mp4,10,10,1,1
0078_01_0036.mp4,10,10,1,1
0078_01_0041.mp4,10,10,1,1
0078_01_0042.mp4,9,9,1,1
0078_01_0046.mp4,10,10,1,1
0078_01_0048.mp4,10,10,1,1
0078_01_0049.mp4,9,9,1,1
0078_01_0056.mp4,10,10,1,1
0078_01_0059.mp4,8,8,1,1
0078_01_0060.mp4,10,10,1,1
0078_01_0062.mp4,10,10,1,1
0078_01_0066.mp4,10,10,1,1
0078_01_0070.mp4,9,9,1,1
0078_01_0075.mp4,10,10,1,1
0078_01_0077.mp4,9,9,1,1
0078_01_0079.mp4,10,10,1,1
0078_01_0081.mp4,8,8,1,1
0078_01_0082.mp4,8,8,1,1
0078_01_0085.mp4,10,10,1,1
0078_01_0087.mp4,9,9,1,1
0078_01_0090.mp4,9,9,1,1
0078_01_0094.mp4,10,10,1,1
0078_01_0095.mp4,10,10,1,1
0078_01_0098.mp4,10,10,1,1
0078_01_0102.mp4,10,10,1,1
0078_01_0104.mp4,9,9,1,1
0078_01_0105.mp4,10,10,1,1
0078_01_0108.mp4,10,10,1,1
0078_01_0109.mp4,10,10,1,1
0078_01_0111.mp4,10,10,1,1
0078_01_0112.mp4,10,10,1,1
0078_01_0113.mp4,10,10,1,1
0078_02_0004.mp4,15,17,2,2
0078_02_0009.mp4,22,17,2,2
0078_02_0010.mp4,18,18,2,2
0078_02_0021.mp4,15,6,2,1
0078_02_0032.mp4,22,9,2,1
0078_02_0033.mp4,17,5,2,1
0078_02_0035.mp4,18,48,2,6
0078_02_0040.mp4,17,19,2,2
0078_02_0055.mp4,20,22,2,2
0078_02_0058.mp4,12,38,2,5
0078_02_0061.mp4,20,20,2,2
0078_02_0062.mp4,19,19,2,2
0078_02_0063.mp4,22,38,2,5
0078_02_0064.mp4,22,19,2,2
0078_02_0069.mp4,22,19,2,2
0078_02_0071.mp4,22,24,2,3
0078_02_0076.mp4,19,19,2,2
0078_02_0077.mp4,12,30,2,3
0078_02_0078.mp4,15,38,2,5
0078_02_0083.mp4,23,23,2,2
0078_02_0088.mp4,19,19,2,2
0078_02_0090.mp4,19,19,2,2
0078_02_0092.mp4,19,6,2,1
0078_02_0095.mp4,15,38,2,5
0078_02_0096.mp4,23,38,2,5
0078_02_0098.mp4,15,38,2,5
0078_02_0103.mp4,19,19,2,2
0078_02_0108.mp4,23,23,2,2
0078_02_0111.mp4,22,17,2,2
0078_02_0138.mp4,22,22,2,2
0078_02_0141.mp4,19,19,2,2
0078_02_0143.mp4,23,33,2,4
0078_03_0005.mp4,24,24,3,3
0078_03_0008.mp4,24,24,3,3
0078_03_0010.mp4,24,24,3,3
0078_03_0011.mp4,26,30,3,3
0078_03_0013.mp4,29,29,3,3
0078_03_0014.mp4,29,29,3,3
0078_03_0017.mp4,29,29,3,3
0078_05_0002.mp4,40,23,5,2
0078_05_0005.mp4,40,38,5,5
0078_06_0005.mp4,48,48,6,6
0078_06_0006.mp4,48,9,6,1
0078_06_0018.mp4,48,9,6,1
0078_06_0030.mp4,48,48,6,6
0078_06_0038.mp4,48,22,6,2
0078_06_0040.mp4,48,48,6,6
0078_06_0046.mp4,48,24,6,3
0078_06_0047.mp4,48,48,6,6
0078_06_0058.mp4,48,9,6,1
0079_00_0005.mp4,0,8,0,1
0079_01_0001.mp4,9,9,1,1
0079_01_0014.mp4,6,9,1,1
0079_01_0015.mp4,10,10,1,1
0079_01_0016.mp4,9,9,1,1
0079_01_0019.mp4,6,6,1,1
0079_01_0022.mp4,5,5,1,1
0079_01_0026.mp4,6,6,1,1
0079_01_0027.mp4,9,9,1,1
0079_02_0010.mp4,23,23,2,2
0079_02_0011.mp4,23,23,2,2
0079_02_0014.mp4,23,19,2,2
0079_02_0016.mp4,23,23,2,2
0079_02_0020.mp4,11,23,2,2
0079_02_0025.mp4,23,23,2,2
0079_02_0026.mp4,17,8,2,1
0079_02_0027.mp4,19,23,2,2
0079_03_0004.mp4,24,29,3,3
0079_03_0005.mp4,24,31,3,3
0079_03_0007.mp4,30,30,3,3
0079_03_0012.mp4,27,27,3,3
0079_03_0014.mp4,27,27,3,3
0079_03_0016.mp4,29,29,3,3
0079_03_0018.mp4,25,25,3,3
0079_03_0041.mp4,25,25,3,3
0079_03_0060.mp4,30,30,3,3
0079_03_0062.mp4,25,25,3,3
0079_03_0078.mp4,30,30,3,3
0079_05_0003.mp4,43,23,5,2
0079_06_0005.mp4,49,48,6,6
0079_06_0009.mp4,48,48,6,6
0080_00_0005.mp4,0,27,0,3
0080_01_0001.mp4,6,6,1,1
0080_01_0007.mp4,6,9,1,1
0080_01_0010.mp4,6,24,1,3
0080_01_0014.mp4,9,9,1,1
0080_01_0016.mp4,9,9,1,1
0080_01_0018.mp4,9,9,1,1
0080_01_0019.mp4,9,9,1,1
0080_01_0022.mp4,6,9,1,1
0080_01_0024.mp4,8,8,1,1
0080_01_0030.mp4,5,5,1,1
0080_01_0031.mp4,9,9,1,1
0080_01_0032.mp4,9,9,1,1
0080_01_0042.mp4,9,9,1,1
0080_01_0043.mp4,9,9,1,1
0080_01_0044.mp4,8,8,1,1
0080_01_0046.mp4,9,9,1,1
0080_01_0047.mp4,5,9,1,1
0080_01_0060.mp4,9,9,1,1
0080_01_0062.mp4,8,8,1,1
0080_01_0064.mp4,9,9,1,1
0080_01_0065.mp4,9,9,1,1
0080_01_0066.mp4,9,9,1,1
0080_01_0070.mp4,8,8,1,1
0080_01_0081.mp4,8,8,1,1
0080_01_0082.mp4,8,9,1,1
0080_01_0090.mp4,8,8,1,1
0080_01_0091.mp4,8,9,1,1
0080_01_0096.mp4,8,9,1,1
0080_01_0101.mp4,5,8,1,1
0080_01_0113.mp4,8,8,1,1
0080_01_0115.mp4,6,6,1,1
0080_01_0118.mp4,8,8,1,1
0080_01_0121.mp4,9,9,1,1
0080_01_0123.mp4,9,9,1,1
0080_01_0124.mp4,9,9,1,1
0080_01_0126.mp4,8,8,1,1
0080_01_0130.mp4,9,9,1,1
0080_01_0135.mp4,8,24,1,3
0080_01_0142.mp4,8,8,1,1
0080_01_0147.mp4,8,8,1,1
0080_01_0148.mp4,8,8,1,1
0080_01_0162.mp4,8,8,1,1
0080_01_0163.mp4,8,8,1,1
0080_01_0164.mp4,8,8,1,1
0080_02_0001.mp4,21,9,2,1
0080_02_0003.mp4,17,17,2,2
0080_02_0004.mp4,21,31,2,3
0080_02_0005.mp4,21,24,2,3
0080_02_0006.mp4,21,8,2,1
0080_03_0007.mp4,29,29,3,3
0080_03_0009.mp4,26,8,3,1
0080_04_0001.mp4,34,24,4,3
0080_05_0001.mp4,40,38,5,5
0080_06_0001.mp4,48,9,6,1
0081_01_0003.mp4,9,6,1,1
0081_01_0004.mp4,10,10,1,1
0081_01_0019.mp4,8,8,1,1
0081_01_0026.mp4,10,10,1,1
0081_01_0027.mp4,10,10,1,1
0081_01_0029.mp4,8,8,1,1
0081_01_0032.mp4,8,13,1,2
0081_01_0033.mp4,8,17,1,2
0081_01_0041.mp4,9,9,1,1
0081_01_0046.mp4,9,9,1,1
0081_01_0048.mp4,5,5,1,1
0081_01_0049.mp4,6,6,1,1
0081_02_0006.mp4,13,13,2,2
0081_02_0008.mp4,21,21,2,2
0081_02_0012.mp4,13,17,2,2
0081_02_0018.mp4,13,13,2,2
0081_02_0027.mp4,19,8,2,1
0081_02_0030.mp4,13,40,2,5
0081_02_0033.mp4,19,17,2,2
0081_02_0035.mp4,17,17,2,2
0081_02_0048.mp4,21,7,2,1
0081_02_0054.mp4,17,8,2,1
0081_02_0067.mp4,13,13,2,2
0081_02_0069.mp4,13,13,2,2
0081_02_0070.mp4,17,13,2,2
0081_02_0072.mp4,17,17,2,2
0081_02_0073.mp4,17,8,2,1
0081_02_0077.mp4,13,13,2,2
0081_05_0003.mp4,41,38,5,5
0081_05_0004.mp4,39,39,5,5
0081_05_0005.mp4,47,38,5,5
0081_05_0010.mp4,47,40,5,5
0081_05_0012.mp4,40,38,5,5
0081_05_0018.mp4,47,38,5,5
0081_05_0020.mp4,39,5,5,1
0081_05_0024.mp4,47,38,5,5
0081_05_0025.mp4,43,38,5,5
0081_06_0007.mp4,48,17,6,2
0082_01_0003.mp4,8,18,1,2
0082_01_0004.mp4,8,8,1,1
0082_01_0007.mp4,9,9,1,1
0082_01_0008.mp4,10,10,1,1
0082_01_0016.mp4,9,9,1,1
0082_01_0017.mp4,7,7,1,1
0082_01_0032.mp4,8,35,1,4
0082_01_0037.mp4,7,7,1,1
0082_01_0039.mp4,9,9,1,1
0082_01_0040.mp4,9,9,1,1
0082_01_0057.mp4,6,6,1,1
0082_01_0062.mp4,9,9,1,1
0082_01_0067.mp4,9,7,1,1
0082_01_0076.mp4,5,5,1,1
0082_01_0081.mp4,9,9,1,1
0082_01_0083.mp4,9,9,1,1
0082_02_0004.mp4,23,22,2,2
0082_02_0007.mp4,23,48,2,6
0082_02_0013.mp4,17,35,2,4
0082_02_0018.mp4,23,48,2,6
0082_02_0027.mp4,23,23,2,2
0082_02_0028.mp4,17,38,2,5
0082_03_0006.mp4,24,24,3,3
0082_04_0001.mp4,32,22,4,2
0082_04_0003.mp4,35,35,4,4
0082_05_0002.mp4,43,38,5,5
0082_06_0003.mp4,48,48,6,6
0082_06_0006.mp4,49,48,6,6
0082_06_0008.mp4,49,24,6,3
0082_06_0016.mp4,48,48,6,6
0082_06_0023.mp4,48,48,6,6
0082_06_0025.mp4,48,48,6,6
0082_06_0026.mp4,48,48,6,6
0082_06_0028.mp4,48,48,6,6
0082_06_0029.mp4,48,48,6,6
0082_06_0030.mp4,48,48,6,6
0082_06_0035.mp4,48,48,6,6
0082_06_0042.mp4,48,48,6,6
0082_06_0045.mp4,48,48,6,6
0082_06_0048.mp4,48,48,6,6
0082_06_0050.mp4,48,48,6,6
0082_06_0059.mp4,49,48,6,6
0083_01_0004.mp4,10,10,1,1
0083_01_0007.mp4,10,10,1,1
0083_01_0009.mp4,10,10,1,1
0083_01_0012.mp4,10,10,1,1
0083_01_0013.mp4,10,10,1,1
0083_01_0014.mp4,9,9,1,1
0083_01_0017.mp4,10,10,1,1
0083_01_0019.mp4,9,9,1,1
0083_01_0021.mp4,7,7,1,1
0083_02_0005.mp4,16,24,2,3
0083_02_0008.mp4,16,24,2,3
0083_03_0006.mp4,29,29,3,3
0083_03_0007.mp4,24,21,3,2
0083_03_0013.mp4,29,29,3,3
0083_03_0016.mp4,30,30,3,3
0083_03_0019.mp4,26,29,3,3
0083_03_0022.mp4,30,30,3,3
0083_05_0002.mp4,40,24,5,3
0083_05_0006.mp4,47,24,5,3
0083_05_0010.mp4,38,38,5,5
0083_05_0011.mp4,38,40,5,5
0084_01_0002.mp4,9,9,1,1
0084_01_0008.mp4,7,7,1,1
0084_01_0011.mp4,10,10,1,1
0084_01_0012.mp4,7,7,1,1
0084_01_0019.mp4,6,7,1,1
0084_01_0022.mp4,7,7,1,1
0084_01_0026.mp4,10,10,1,1
0084_01_0031.mp4,8,8,1,1
0084_01_0033.mp4,10,8,1,1
0084_01_0035.mp4,7,8,1,1
0084_01_0038.mp4,8,7,1,1
0084_01_0042.mp4,10,10,1,1
0084_01_0046.mp4,10,10,1,1
0084_01_0049.mp4,10,10,1,1
0084_01_0054.mp4,9,31,1,3
0084_01_0055.mp4,9,9,1,1
0084_01_0057.mp4,10,8,1,1
0084_02_0001.mp4,18,40,2,5
0084_02_0002.mp4,23,7,2,1
0084_02_0005.mp4,23,9,2,1
0084_02_0006.mp4,23,23,2,2
0084_03_0001.mp4,30,30,3,3
0084_03_0007.mp4,29,9,3,1
0084_03_0008.mp4,31,29,3,3
0084_03_0013.mp4,30,30,3,3
0084_03_0016.mp4,29,7,3,1
0084_03_0024.mp4,31,31,3,3
0084_06_0001.mp4,49,49,6,6
0084_06_0002.mp4,49,49,6,6
0084_06_0010.mp4,48,6,6,1
0084_06_0017.mp4,48,9,6,1
0085_00_0003.mp4,4,24,0,3
0085_01_0009.mp4,10,10,1,1
0085_01_0013.mp4,9,9,1,1
0085_01_0014.mp4,5,7,1,1
0085_01_0015.mp4,10,10,1,1
0085_01_0016.mp4,10,10,1,1
0085_01_0017.mp4,10,10,1,1
0085_01_0018.mp4,10,10,1,1
0085_01_0019.mp4,10,10,1,1
0085_01_0020.mp4,9,9,1,1
0085_01_0024.mp4,9,9,1,1
0085_01_0026.mp4,9,9,1,1
0085_01_0031.mp4,10,10,1,1
0085_01_0036.mp4,9,9,1,1
0085_01_0037.mp4,7,7,1,1
0085_01_0042.mp4,10,10,1,1
0085_01_0051.mp4,10,10,1,1
0085_01_0052.mp4,10,10,1,1
0085_01_0053.mp4,10,10,1,1
0085_01_0063.mp4,10,10,1,1
0085_01_0064.mp4,6,8,1,1
0085_01_0069.mp4,9,9,1,1
0085_01_0072.mp4,10,10,1,1
0085_01_0074.mp4,9,9,1,1
0085_01_0081.mp4,8,8,1,1
0085_01_0084.mp4,7,31,1,3
0085_01_0090.mp4,7,48,1,6
0085_01_0097.mp4,8,8,1,1
0085_02_0003.mp4,20,21,2,2
0085_02_0005.mp4,20,8,2,1
0085_02_0007.mp4,20,23,2,2
0085_02_0008.mp4,21,9,2,1
0085_02_0016.mp4,21,23,2,2
0085_02_0019.mp4,23,19,2,2
0085_02_0027.mp4,22,10,2,1
0085_02_0033.mp4,22,23,2,2
0085_02_0040.mp4,11,20,2,2
0085_03_0009.mp4,30,20,3,2
0085_03_0011.mp4,29,5,3,1
0085_05_0003.mp4,43,38,5,5
0085_05_0005.mp4,41,38,5,5
0085_06_0005.mp4,50,48,6,6
0086_01_0001.mp4,10,10,1,1
0086_01_0002.mp4,10,10,1,1
0086_01_0003.mp4,10,10,1,1
0086_01_0007.mp4,5,5,1,1
0086_01_0008.mp4,6,6,1,1
0086_01_0009.mp4,10,10,1,1
0086_01_0012.mp4,10,10,1,1
0086_01_0022.mp4,5,5,1,1
0086_01_0024.mp4,5,5,1,1
0086_01_0025.mp4,6,6,1,1
0086_02_0035.mp4,12,14,2,2
0086_02_0040.mp4,12,23,2,2
0086_03_0013.mp4,31,24,3,3
0086_03_0014.mp4,31,10,3,1
0086_03_0015.mp4,31,23,3,2
0086_03_0018.mp4,24,24,3,3
0086_03_0019.mp4,24,24,3,3
0086_03_0021.mp4,24,24,3,3
0086_04_0003.mp4,35,23,4,2
0086_05_0001.mp4,40,39,5,5
0086_06_0005.mp4,49,48,6,6
0086_06_0008.mp4,49,23,6,2
0086_06_0010.mp4,48,48,6,6
0086_06_0027.mp4,48,48,6,6
0086_06_0029.mp4,48,48,6,6
0087_00_0001.mp4,1,30,0,3
0087_00_0008.mp4,0,30,0,3
0087_00_0011.mp4,1,1,0,0
0087_01_0007.mp4,8,30,1,3
0087_01_0008.mp4,8,8,1,1
0087_01_0012.mp4,8,8,1,1
0087_01_0014.mp4,8,8,1,1
0087_01_0024.mp4,10,10,1,1
0087_01_0033.mp4,5,5,1,1
0087_01_0038.mp4,8,6,1,1
0087_01_0044.mp4,6,6,1,1
0087_01_0045.mp4,5,5,1,1
0087_01_0047.mp4,5,5,1,1
0087_02_0008.mp4,23,23,2,2
0087_02_0026.mp4,23,48,2,6
0087_02_0029.mp4,23,23,2,2
0087_02_0035.mp4,23,23,2,2
0087_02_0039.mp4,17,48,2,6
0087_02_0047.mp4,23,50,2,6
0087_02_0073.mp4,17,48,2,6
0087_02_0076.mp4,21,24,2,3
0087_02_0086.mp4,17,6,2,1
0087_02_0106.mp4,23,23,2,2
0087_03_0007.mp4,24,24,3,3
0087_03_0008.mp4,29,29,3,3
0087_03_0018.mp4,31,8,3,1
0087_03_0037.mp4,26,38,3,5
0087_03_0052.mp4,24,50,3,6
0087_03_0060.mp4,29,29,3,3
0087_03_0069.mp4,28,38,3,5
0087_03_0076.mp4,24,24,3,3
0087_03_0081.mp4,24,24,3,3
0087_03_0089.mp4,24,24,3,3
0087_03_0105.mp4,24,24,3,3
0087_05_0001.mp4,43,38,5,5
0087_05_0007.mp4,43,38,5,5
0087_05_0012.mp4,43,38,5,5
0087_05_0015.mp4,43,24,5,3
0087_06_0008.mp4,49,1,6,0
0087_06_0013.mp4,49,49,6,6
0087_06_0021.mp4,48,9,6,1
0087_06_0022.mp4,48,48,6,6
0088_00_0001.mp4,1,5,0,1
0088_01_0004.mp4,10,10,1,1
0088_01_0011.mp4,8,8,1,1
0088_01_0015.mp4,6,6,1,1
0088_01_0019.mp4,5,5,1,1
0088_01_0021.mp4,10,10,1,1
0088_02_0008.mp4,11,11,2,2
0088_02_0012.mp4,11,11,2,2
0088_02_0018.mp4,11,22,2,2
0088_02_0023.mp4,21,24,2,3
0088_03_0001.mp4,25,20,3,2
0088_03_0013.mp4,26,39,3,5
0088_03_0025.mp4,26,26,3,3
0088_05_0007.mp4,38,38,5,5
0088_06_0011.mp4,50,7,6,1
0089_01_0003.mp4,10,10,1,1
0089_01_0010.mp4,10,10,1,1
0089_01_0012.mp4,8,8,1,1
0089_01_0018.mp4,9,24,1,3
0089_01_0020.mp4,6,6,1,1
0089_01_0024.mp4,8,8,1,1
0089_01_0035.mp4,8,8,1,1
0089_01_0038.mp4,8,23,1,2
0089_01_0042.mp4,6,6,1,1
0089_01_0043.mp4,5,5,1,1
0089_01_0049.mp4,10,10,1,1
0089_01_0050.mp4,10,10,1,1
0089_01_0052.mp4,10,10,1,1
0089_02_0001.mp4,17,8,2,1
0089_02_0003.mp4,12,23,2,2
0089_02_0009.mp4,17,9,2,1
0089_02_0011.mp4,17,29,2,3
0089_02_0018.mp4,18,17,2,2
0089_02_0026.mp4,17,17,2,2
0089_02_0048.mp4,12,12,2,2
0089_02_0053.mp4,23,23,2,2
0089_02_0059.mp4,17,17,2,2
0089_02_0062.mp4,17,24,2,3
0089_02_0064.mp4,21,30,2,3
0089_02_0067.mp4,17,5,2,1
0089_02_0068.mp4,18,38,2,5
0089_02_0071.mp4,12,30,2,3
0089_02_0081.mp4,16,17,2,2
0089_03_0004.mp4,26,26,3,3
0089_03_0005.mp4,29,29,3,3
0089_03_0020.mp4,27,0,3,0
0089_03_0026.mp4,24,31,3,3
0089_03_0038.mp4,30,30,3,3
0089_03_0054.mp4,25,25,3,3
0089_03_0068.mp4,30,24,3,3
0089_03_0072.mp4,30,24,3,3
0089_04_0004.mp4,34,34,4,4
0089_05_0002.mp4,39,29,5,3
0089_05_0013.mp4,38,39,5,5
0090_00_0003.mp4,4,4,0,0
0090_01_0003.mp4,9,9,1,1
0090_01_0006.mp4,8,8,1,1
0090_01_0016.mp4,9,9,1,1
0090_02_0003.mp4,14,2,2,0
0090_03_0001.mp4,27,24,3,3
0090_03_0004.mp4,27,24,3,3
0091_00_0007.mp4,4,0,0,0
0091_00_0008.mp4,4,4,0,0
0091_01_0001.mp4,8,8,1,1
0091_01_0004.mp4,9,9,1,1
0091_01_0015.mp4,10,10,1,1
0091_01_0017.mp4,10,10,1,1
0091_01_0018.mp4,8,8,1,1
0091_01_0019.mp4,7,7,1,1
0091_01_0028.mp4,7,7,1,1
0091_01_0031.mp4,10,10,1,1
0091_02_0010.mp4,23,23,2,2
0091_02_0011.mp4,23,23,2,2
0091_02_0016.mp4,23,23,2,2
0091_02_0020.mp4,23,23,2,2
0091_02_0021.mp4,11,30,2,3
0091_02_0026.mp4,23,23,2,2
0091_02_0030.mp4,11,23,2,2
0091_03_0001.mp4,24,24,3,3
0091_03_0007.mp4,31,29,3,3
0091_03_0022.mp4,26,29,3,3
0091_03_0024.mp4,27,27,3,3
0091_03_0025.mp4,30,30,3,3
0091_03_0026.mp4,29,29,3,3
0091_03_0027.mp4,30,30,3,3
0091_03_0045.mp4,30,30,3,3
0091_03_0046.mp4,24,24,3,3
0091_05_0002.mp4,46,38,5,5
0091_06_0004.mp4,50,48,6,6
0091_06_0005.mp4,49,49,6,6
0092_01_0003.mp4,10,10,1,1
0092_01_0011.mp4,7,7,1,1
0092_01_0014.mp4,8,8,1,1
0092_01_0016.mp4,10,10,1,1
0092_01_0018.mp4,10,10,1,1
0092_01_0019.mp4,10,10,1,1
0092_02_0005.mp4,22,10,2,1
0092_02_0027.mp4,23,19,2,2
0092_03_0003.mp4,31,30,3,3
0092_05_0008.mp4,43,38,5,5
0092_05_0009.mp4,43,38,5,5
0092_05_0010.mp4,43,40,5,5
0092_06_0008.mp4,49,49,6,6
0093_00_0003.mp4,2,7,0,1
0093_01_0005.mp4,9,9,1,1
0093_01_0008.mp4,10,10,1,1
0093_01_0010.mp4,10,10,1,1
0093_01_0012.mp4,10,10,1,1
0093_01_0013.mp4,10,10,1,1
0093_01_0015.mp4,8,8,1,1
0093_01_0021.mp4,8,8,1,1
0093_01_0027.mp4,7,7,1,1
0093_01_0038.mp4,10,10,1,1
0093_02_0004.mp4,23,23,2,2
0093_03_0002.mp4,30,48,3,6
0093_05_0001.mp4,41,38,5,5
0094_00_0009.mp4,0,25,0,3
0094_00_0014.mp4,0,25,0,3
0094_01_0002.mp4,8,8,1,1
0094_01_0010.mp4,10,10,1,1
0094_01_0015.mp4,8,8,1,1
0094_01_0016.mp4,10,8,1,1
0094_01_0026.mp4,8,8,1,1
0094_01_0030.mp4,8,8,1,1
0094_02_0005.mp4,14,14,2,2
0094_02_0008.mp4,19,19,2,2
0094_02_0021.mp4,14,14,2,2
0094_02_0025.mp4,19,19,2,2
0094_02_0026.mp4,19,19,2,2
0094_02_0031.mp4,21,14,2,2
0094_02_0032.mp4,19,19,2,2
0094_03_0001.mp4,25,21,3,2
0094_03_0002.mp4,30,8,3,1
0094_03_0010.mp4,25,25,3,3
0094_03_0014.mp4,24,24,3,3
0094_03_0019.mp4,24,24,3,3
0094_03_0024.mp4,30,4,3,0
0094_03_0025.mp4,25,25,3,3
0094_03_0028.mp4,30,26,3,3
0094_03_0029.mp4,25,25,3,3
0094_05_0002.mp4,42,38,5,5
0094_06_0007.mp4,48,4,6,0
0095_01_0002.mp4,9,9,1,1
0095_01_0015.mp4,7,10,1,1
0095_01_0016.mp4,9,9,1,1
0095_01_0018.mp4,10,10,1,1
0095_01_0019.mp4,9,9,1,1
0095_01_0022.mp4,9,9,1,1
0095_01_0030.mp4,8,10,1,1
0095_01_0031.mp4,9,9,1,1
0095_01_0032.mp4,5,5,1,1
0095_01_0035.mp4,9,9,1,1
0095_01_0042.mp4,10,10,1,1
0095_01_0044.mp4,9,9,1,1
0095_01_0045.mp4,9,9,1,1
0095_01_0051.mp4,8,10,1,1
0095_01_0059.mp4,9,9,1,1
0095_01_0061.mp4,8,7,1,1
0095_02_0012.mp4,21,9,2,1
0095_02_0020.mp4,20,20,2,2
0095_03_0002.mp4,29,29,3,3
0095_03_0011.mp4,31,24,3,3
0095_03_0013.mp4,31,24,3,3
0095_04_0001.mp4,35,38,4,5
0095_06_0001.mp4,50,50,6,6
0096_01_0003.mp4,9,9,1,1
0096_01_0006.mp4,7,7,1,1
0096_01_0007.mp4,7,7,1,1
0096_01_0008.mp4,7,8,1,1
0096_01_0014.mp4,7,7,1,1
0096_01_0017.mp4,10,10,1,1
0096_01_0024.mp4,10,10,1,1
0096_01_0025.mp4,10,10,1,1
0096_01_0033.mp4,9,9,1,1
0096_01_0035.mp4,5,7,1,1
0096_01_0046.mp4,10,10,1,1
0096_01_0048.mp4,8,9,1,1
0096_01_0049.mp4,10,7,1,1
0096_01_0050.mp4,9,48,1,6
0096_01_0052.mp4,9,9,1,1
0096_01_0055.mp4,9,9,1,1
0096_01_0059.mp4,7,10,1,1
0096_01_0060.mp4,7,6,1,1
0096_01_0062.mp4,7,7,1,1
0096_01_0064.mp4,5,5,1,1
0096_01_0071.mp4,10,10,1,1
0096_01_0075.mp4,7,7,1,1
0096_01_0077.mp4,10,10,1,1
0096_01_0081.mp4,8,8,1,1
0096_01_0082.mp4,5,9,1,1
0096_01_0083.mp4,8,8,1,1
0096_01_0084.mp4,10,8,1,1
0096_01_0090.mp4,9,9,1,1
0096_01_0091.mp4,8,8,1,1
0096_02_0004.mp4,19,7,2,1
0096_02_0005.mp4,23,6,2,1
0096_02_0008.mp4,18,23,2,2
0096_02_0013.mp4,19,7,2,1
0096_02_0016.mp4,19,48,2,6
0096_02_0020.mp4,19,48,2,6
0096_02_0024.mp4,15,23,2,2
0096_02_0027.mp4,19,8,2,1
0096_03_0001.mp4,30,30,3,3
0096_03_0006.mp4,30,30,3,3
0096_03_0007.mp4,31,26,3,3
0096_05_0003.mp4,43,38,5,5
0096_06_0004.mp4,49,49,6,6
0096_06_0006.mp4,49,9,6,1
0096_06_0014.mp4,48,9,6,1
0096_06_0015.mp4,48,48,6,6
0097_00_0003.mp4,0,27,0,3
0097_00_0007.mp4,1,25,0,3
0097_00_0011.mp4,4,4,0,0
0097_01_0010.mp4,5,5,1,1
0097_01_0011.mp4,8,51,1,6
0097_01_0024.mp4,10,10,1,1
0097_01_0025.mp4,7,9,1,1
0097_01_0029.mp4,10,7,1,1
0097_01_0030.mp4,7,7,1,1
0097_01_0032.mp4,7,7,1,1
0097_01_0036.mp4,10,10,1,1
0097_02_0007.mp4,19,19,2,2
0097_02_0008.mp4,19,19,2,2
0097_02_0024.mp4,20,23,2,2
0097_03_0001.mp4,24,24,3,3
0097_03_0005.mp4,31,24,3,3
0097_03_0008.mp4,24,10,3,1
0097_03_0013.mp4,31,9,3,1
0097_03_0014.mp4,31,7,3,1
0097_03_0016.mp4,31,9,3,1
0097_03_0019.mp4,25,51,3,6
0097_04_0001.mp4,32,38,4,5
0097_05_0003.mp4,40,38,5,5
0097_05_0006.mp4,39,39,5,5
0097_06_0002.mp4,48,48,6,6
0097_06_0008.mp4,50,9,6,1
0097_06_0011.mp4,48,9,6,1
0097_06_0012.mp4,51,51,6,6
0097_06_0020.mp4,51,51,6,6
0097_06_0023.mp4,50,48,6,6
0097_06_0026.mp4,51,51,6,6
0098_00_0002.mp4,1,7,0,1
0098_00_0004.mp4,4,23,0,2
0098_01_0003.mp4,9,9,1,1
0098_01_0006.mp4,9,9,1,1
0098_01_0009.mp4,6,6,1,1
0098_01_0014.mp4,10,10,1,1
0098_01_0018.mp4,10,10,1,1
0098_03_0001.mp4,31,7,3,1
0099_00_0009.mp4,1,6,0,1
0099_01_0006.mp4,10,10,1,1
0099_03_0001.mp4,24,12,3,2
0099_03_0005.mp4,24,24,3,3
0099_05_0004.mp4,40,39,5,5
0099_06_0002.mp4,48,48,6,6
0099_06_0006.mp4,48,10,6,1
0100_00_0001.mp4,0,31,0,3
0100_01_0003.mp4,9,9,1,1
0100_01_0005.mp4,9,9,1,1
0100_01_0007.mp4,10,10,1,1
0100_01_0012.mp4,10,10,1,1
0100_01_0013.mp4,5,9,1,1
0100_01_0015.mp4,8,8,1,1
0100_01_0016.mp4,9,9,1,1
0100_01_0021.mp4,10,10,1,1
0100_01_0022.mp4,9,9,1,1
0100_01_0026.mp4,9,9,1,1
0100_01_0027.mp4,10,10,1,1
0100_01_0033.mp4,10,10,1,1
0100_01_0036.mp4,10,10,1,1
0100_01_0042.mp4,9,9,1,1
0100_01_0051.mp4,8,8,1,1
0100_01_0054.mp4,8,8,1,1
0100_01_0057.mp4,10,10,1,1
0100_01_0058.mp4,9,9,1,1
0100_01_0064.mp4,9,9,1,1
0100_01_0065.mp4,9,9,1,1
0100_01_0067.mp4,8,19,1,2
0100_01_0069.mp4,8,8,1,1
0100_01_0072.mp4,8,8,1,1
0100_02_0004.mp4,23,19,2,2
0100_02_0024.mp4,23,23,2,2
0100_02_0030.mp4,19,19,2,2
0100_02_0035.mp4,19,8,2,1
0100_02_0036.mp4,19,23,2,2
0100_02_0037.mp4,23,23,2,2
0100_03_0004.mp4,27,24,3,3
0100_03_0005.mp4,27,24,3,3
0100_03_0006.mp4,24,8,3,1
0100_03_0008.mp4,25,25,3,3
0100_05_0001.mp4,43,38,5,5
0100_06_0006.mp4,48,48,6,6
0100_06_0008.mp4,50,25,6,3
0101_00_0002.mp4,1,1,0,0
0101_00_0007.mp4,0,30,0,3
0101_01_0018.mp4,10,10,1,1
0101_02_0003.mp4,11,24,2,3
0101_02_0004.mp4,16,48,2,6
0101_03_0001.mp4,26,31,3,3
0101_03_0007.mp4,30,48,3,6
0101_05_0002.mp4,43,38,5,5
0101_06_0002.mp4,48,48,6,6
0102_00_0001.mp4,0,0,0,0
0102_01_0002.mp4,8,8,1,1
0102_01_0005.mp4,8,8,1,1
0102_01_0007.mp4,9,9,1,1
0102_01_0010.mp4,6,6,1,1
0102_01_0025.mp4,5,5,1,1
0102_01_0032.mp4,8,8,1,1
0102_01_0036.mp4,5,5,1,1
0102_01_0039.mp4,10,23,1,2
0102_01_0045.mp4,10,10,1,1
0102_02_0008.mp4,23,23,2,2
0102_03_0002.mp4,25,25,3,3
0102_03_0003.mp4,25,25,3,3
0102_04_0002.mp4,33,23,4,2
0102_04_0003.mp4,33,9,4,1
0102_04_0005.mp4,33,9,4,1
0102_04_0016.mp4,34,34,4,4
0102_05_0003.mp4,42,38,5,5
0102_06_0012.mp4,51,51,6,6
0103_00_0003.mp4,4,4,0,0
0103_01_0001.mp4,10,10,1,1
0103_01_0003.mp4,6,48,1,6
0103_01_0004.mp4,10,10,1,1
0103_01_0011.mp4,9,9,1,1
0103_01_0016.mp4,6,6,1,1
0103_01_0017.mp4,5,5,1,1
0103_01_0020.mp4,5,5,1,1
0103_01_0021.mp4,10,10,1,1
0103_01_0023.mp4,5,5,1,1
0103_01_0024.mp4,6,6,1,1
0103_01_0027.mp4,6,6,1,1
0103_01_0028.mp4,6,6,1,1
0103_01_0040.mp4,6,6,1,1
0103_01_0043.mp4,5,5,1,1
0103_01_0044.mp4,6,6,1,1
0103_01_0056.mp4,8,8,1,1
0103_01_0057.mp4,5,5,1,1
0103_01_0058.mp4,5,5,1,1
0103_01_0059.mp4,10,10,1,1
0103_01_0063.mp4,9,9,1,1
0103_01_0067.mp4,8,8,1,1
0103_01_0068.mp4,8,7,1,1
0103_01_0075.mp4,5,5,1,1
0103_01_0077.mp4,5,5,1,1
0103_01_0078.mp4,6,6,1,1
0103_01_0079.mp4,5,5,1,1
0103_02_0002.mp4,15,33,2,4
0103_02_0003.mp4,11,25,2,3
0103_02_0025.mp4,20,25,2,3
0103_02_0046.mp4,15,9,2,1
0103_03_0005.mp4,25,29,3,3
0103_04_0001.mp4,33,15,4,2
0103_04_0005.mp4,33,32,4,4
0103_04_0006.mp4,33,33,4,4
0103_06_0002.mp4,48,48,6,6
0103_06_0005.mp4,50,8,6,1
0103_06_0015.mp4,51,25,6,3
0104_00_0005.mp4,4,4,0,0
0104_01_0001.mp4,6,9,1,1
0104_01_0012.mp4,8,8,1,1
0104_01_0015.mp4,9,9,1,1
0104_01_0018.mp4,8,8,1,1
0104_01_0020.mp4,8,8,1,1
0104_01_0026.mp4,9,9,1,1
0104_01_0036.mp4,8,8,1,1
0104_01_0037.mp4,10,10,1,1
0104_01_0039.mp4,9,9,1,1
0104_02_0013.mp4,23,48,2,6
0104_03_0003.mp4,29,29,3,3
0104_04_0003.mp4,37,24,4,3
0104_04_0004.mp4,37,24,4,3
0104_04_0007.mp4,37,2,4,0
0104_05_0001.mp4,39,40,5,5
0104_05_0003.mp4,41,8,5,1
0104_05_0004.mp4,41,8,5,1
0104_06_0010.mp4,51,7,6,1
0105_01_0005.mp4,9,9,1,1
0105_01_0009.mp4,8,8,1,1
0105_01_0013.mp4,8,8,1,1
0105_01_0016.mp4,10,10,1,1
0105_01_0022.mp4,7,6,1,1
0105_02_0009.mp4,17,17,2,2
0105_02_0017.mp4,21,24,2,3
0105_02_0022.mp4,20,20,2,2
0105_02_0024.mp4,23,23,2,2
0105_02_0027.mp4,11,17,2,2
0105_02_0029.mp4,21,23,2,2
0105_03_0005.mp4,24,24,3,3
0105_03_0008.mp4,31,31,3,3
0105_03_0012.mp4,31,31,3,3
0105_03_0014.mp4,26,30,3,3
0105_06_0001.mp4,49,48,6,6
0106_00_0001.mp4,1,1,0,0
0106_00_0004.mp4,0,2,0,0
0106_00_0010.mp4,1,1,0,0
0106_00_0020.mp4,4,29,0,3
0106_00_0022.mp4,0,49,0,6
0106_01_0001.mp4,7,30,1,3
0106_01_0004.mp4,7,49,1,6
0106_01_0012.mp4,10,10,1,1
0106_02_0003.mp4,17,48,2,6
0106_02_0004.mp4,22,9,2,1
0106_02_0005.mp4,18,0,2,0
0106_02_0009.mp4,22,24,2,3
0106_02_0010.mp4,22,9,2,1
0106_02_0011.mp4,22,8,2,1
0106_02_0017.mp4,11,23,2,2
0106_03_0005.mp4,24,24,3,3
0106_03_0007.mp4,30,30,3,3
0106_03_0008.mp4,24,49,3,6
0106_03_0017.mp4,29,29,3,3
0106_03_0029.mp4,30,30,3,3
0106_04_0005.mp4,32,32,4,4
0106_05_0001.mp4,43,38,5,5
0106_05_0002.mp4,39,7,5,1
0106_06_0005.mp4,48,49,6,6
0107_00_0004.mp4,1,1,0,0
0107_00_0032.mp4,0,4,0,0
0107_00_0034.mp4,1,6,0,1
0107_00_0039.mp4,3,8,0,1
0107_01_0006.mp4,9,9,1,1
0107_01_0014.mp4,10,10,1,1
0107_01_0019.mp4,5,49,1,6
0107_01_0020.mp4,8,8,1,1
0107_01_0021.mp4,7,38,1,5
0107_01_0022.mp4,7,20,1,2
0107_02_0002.mp4,22,38,2,5
0107_02_0003.mp4,17,19,2,2
0107_02_0008.mp4,20,48,2,6
0107_02_0010.mp4,12,49,2,6
0107_02_0013.mp4,18,48,2,6
0107_02_0018.mp4,15,23,2,2
0107_02_0027.mp4,21,20,2,2
0107_02_0031.mp4,15,24,2,3
0107_02_0035.mp4,20,20,2,2
0107_02_0038.mp4,21,20,2,2
0107_03_0006.mp4,27,27,3,3
0107_03_0007.mp4,28,28,3,3
0107_05_0002.mp4,38,38,5,5
0107_05_0004.mp4,42,38,5,5
0107_05_0005.mp4,40,38,5,5
0107_05_0006.mp4,41,38,5,5
0107_06_0005.mp4,48,48,6,6
0108_00_0002.mp4,1,2,0,0
0108_00_0007.mp4,2,1,0,0
0108_00_0011.mp4,0,48,0,6
0108_01_0006.mp4,9,9,1,1
0108_01_0007.mp4,10,7,1,1
0108_01_0008.mp4,10,10,1,1
0108_02_0001.mp4,21,21,2,2
0108_02_0002.mp4,21,21,2,2
0108_02_0007.mp4,21,7,2,1
0108_02_0013.mp4,18,49,2,6
0109_01_0001.mp4,8,8,1,1
0109_01_0003.mp4,9,9,1,1
0109_01_0012.mp4,5,23,1,2
0109_01_0014.mp4,7,24,1,3
0109_01_0025.mp4,5,38,1,5
0109_02_0011.mp4,18,18,2,2
0109_03_0002.mp4,29,29,3,3
0109_03_0003.mp4,28,28,3,3
0109_03_0004.mp4,30,30,3,3
0109_03_0005.mp4,30,30,3,3
0109_04_0003.mp4,37,37,4,4
0109_05_0003.mp4,43,38,5,5
0109_05_0005.mp4,43,38,5,5
0109_06_0001.mp4,50,48,6,6
0109_06_0005.mp4,50,49,6,6
0110_00_0003.mp4,1,8,0,1
0110_00_0009.mp4,1,37,0,4
0110_00_0017.mp4,0,24,0,3
0110_01_0005.mp4,9,9,1,1
0110_01_0006.mp4,9,9,1,1
0110_01_0015.mp4,6,28,1,3
0110_01_0020.mp4,9,9,1,1
0110_01_0021.mp4,5,12,1,2
0110_01_0024.mp4,5,5,1,1
0110_02_0002.mp4,21,19,2,2
0110_04_0002.mp4,32,38,4,5
0110_05_0017.mp4,46,39,5,5
0111_01_0001.mp4,8,8,1,1
0111_01_0004.mp4,9,9,1,1
0111_01_0005.mp4,9,9,1,1
0111_01_0009.mp4,10,10,1,1
0111_02_0004.mp4,23,19,2,2
0111_02_0005.mp4,23,19,2,2
0111_02_0007.mp4,17,20,2,2
0111_06_0004.mp4,49,48,6,6
0112_00_0005.mp4,1,2,0,0
0112_00_0015.mp4,4,4,0,0
0112_01_0006.mp4,7,7,1,1
0112_01_0007.mp4,5,4,1,0
0112_01_0010.mp4,6,6,1,1
0112_01_0012.mp4,6,6,1,1
0112_02_0002.mp4,19,5,2,1
0112_02_0003.mp4,17,8,2,1
0112_02_0008.mp4,23,9,2,1
0112_02_0016.mp4,22,23,2,2
0112_02_0020.mp4,23,48,2,6
0112_03_0012.mp4,29,49,3,6
0112_04_0001.mp4,33,33,4,4
0112_04_0006.mp4,35,35,4,4
0112_04_0007.mp4,33,33,4,4
0112_05_0002.mp4,41,40,5,5
0112_05_0003.mp4,46,38,5,5
0112_06_0008.mp4,48,48,6,6
0112_06_0009.mp4,48,48,6,6
0113_00_0003.mp4,0,0,0,0
0113_00_0007.mp4,0,2,0,0
0113_00_0008.mp4,0,0,0,0
0113_00_0010.mp4,4,29,0,3
0113_01_0007.mp4,10,10,1,1
0113_01_0011.mp4,10,10,1,1
0113_01_0012.mp4,7,7,1,1
0113_01_0013.mp4,10,10,1,1
0113_02_0001.mp4,17,23,2,2
0113_02_0012.mp4,19,19,2,2
0113_02_0018.mp4,22,39,2,5
0113_03_0002.mp4,28,28,3,3
0113_05_0007.mp4,44,38,5,5
0114_01_0001.mp4,8,8,1,1
0114_01_0004.mp4,9,9,1,1
0114_01_0007.mp4,9,9,1,1
0114_01_0009.mp4,10,10,1,1
0114_02_0004.mp4,22,24,2,3
0114_05_0001.mp4,38,38,5,5
0115_01_0015.mp4,8,8,1,1
0115_01_0018.mp4,8,25,1,3
0115_01_0019.mp4,8,8,1,1
0115_01_0022.mp4,6,6,1,1
0115_01_0026.mp4,6,5,1,1
0115_02_0001.mp4,18,17,2,2
0115_02_0004.mp4,12,9,2,1
0115_02_0011.mp4,18,17,2,2
0115_02_0013.mp4,14,48,2,6
0115_02_0014.mp4,14,14,2,2
0115_02_0017.mp4,12,38,2,5
0115_02_0024.mp4,23,17,2,2
0115_04_0002.mp4,32,38,4,5
0115_05_0008.mp4,41,38,5,5
0115_06_0004.mp4,48,17,6,2
0116_00_0003.mp4,4,0,0,0
0116_01_0001.mp4,8,8,1,1
0116_01_0003.mp4,10,10,1,1
0116_01_0006.mp4,8,8,1,1
0116_01_0008.mp4,8,8,1,1
0116_02_0002.mp4,23,5,2,1
0116_02_0005.mp4,21,24,2,3
0116_02_0009.mp4,11,21,2,2
0116_02_0017.mp4,20,9,2,1
0116_03_0004.mp4,24,21,3,2
0116_03_0008.mp4,31,30,3,3
0116_03_0023.mp4,31,5,3,1
0116_04_0001.mp4,33,33,4,4
0116_05_0002.mp4,38,38,5,5
0117_01_0008.mp4,8,8,1,1
0117_01_0011.mp4,10,10,1,1
0118_00_0001.mp4,0,21,0,2
0118_01_0006.mp4,7,7,1,1
0118_01_0007.mp4,10,10,1,1
0118_01_0009.mp4,9,9,1,1
0118_01_0013.mp4,10,10,1,1
0118_01_0014.mp4,7,8,1,1
0118_02_0002.mp4,21,10,2,1
0118_02_0004.mp4,22,7,2,1
0118_02_0005.mp4,21,8,2,1
0118_02_0006.mp4,22,38,2,5
0118_02_0007.mp4,21,21,2,2
0118_02_0010.mp4,21,21,2,2
0118_03_0001.mp4,27,26,3,3
0118_03_0003.mp4,27,9,3,1
0118_03_0007.mp4,27,27,3,3
0118_03_0014.mp4,30,24,3,3
0118_03_0022.mp4,29,29,3,3
0118_03_0028.mp4,30,30,3,3
0118_03_0030.mp4,31,30,3,3
0118_05_0005.mp4,44,39,5,5
0118_05_0007.mp4,41,39,5,5
0118_05_0009.mp4,43,39,5,5
0118_05_0010.mp4,43,39,5,5
0118_05_0012.mp4,43,39,5,5
0118_05_0013.mp4,38,39,5,5
0119_00_0005.mp4,4,4,0,0
0119_00_0009.mp4,1,1,0,0
0119_00_0012.mp4,4,4,0,0
0119_01_0004.mp4,8,8,1,1
0119_01_0005.mp4,7,39,1,5
0119_01_0006.mp4,5,5,1,1
0119_01_0008.mp4,5,5,1,1
0119_01_0015.mp4,6,38,1,5
0119_02_0007.mp4,11,11,2,2
0119_02_0009.mp4,11,33,2,4
0119_03_0009.mp4,30,30,3,3
0119_04_0003.mp4,34,34,4,4
0119_04_0008.mp4,32,39,4,5
0119_04_0009.mp4,32,39,4,5
0119_04_0013.mp4,34,34,4,4
0119_05_0010.mp4,38,38,5,5
0119_05_0012.mp4,41,39,5,5
0119_05_0017.mp4,47,38,5,5
0119_05_0018.mp4,43,39,5,5
0119_05_0019.mp4,47,38,5,5
0119_05_0022.mp4,41,40,5,5
0119_06_0007.mp4,50,50,6,6
0119_06_0009.mp4,50,4,6,0
0119_06_0010.mp4,50,7,6,1
0119_06_0016.mp4,50,48,6,6
0119_06_0017.mp4,50,29,6,3
0119_06_0018.mp4,50,50,6,6
0119_06_0020.mp4,50,49,6,6
0119_06_0024.mp4,50,4,6,0
0120_00_0006.mp4,4,49,0,6
0120_00_0023.mp4,4,4,0,0
0120_01_0007.mp4,9,9,1,1
0120_01_0012.mp4,9,9,1,1
0120_01_0016.mp4,8,8,1,1
0120_01_0017.mp4,8,8,1,1
0120_01_0023.mp4,6,5,1,1
0120_02_0006.mp4,15,38,2,5
0120_02_0007.mp4,20,20,2,2
0120_02_0008.mp4,20,20,2,2
0120_02_0009.mp4,22,22,2,2
0120_03_0013.mp4,29,29,3,3
0120_03_0017.mp4,31,31,3,3
0120_03_0043.mp4,31,31,3,3
0120_03_0046.mp4,24,31,3,3
0120_03_0052.mp4,31,10,3,1
0120_03_0054.mp4,24,31,3,3
0120_03_0055.mp4,31,31,3,3
0120_03_0065.mp4,24,24,3,3
0120_03_0067.mp4,24,24,3,3
0120_04_0001.mp4,32,23,4,2
0120_04_0002.mp4,33,24,4,3
0120_05_0001.mp4,41,38,5,5
0120_05_0002.mp4,40,38,5,5
0120_05_0013.mp4,46,38,5,5
0120_06_0005.mp4,49,50,6,6
0120_06_0009.mp4,48,24,6,3
0121_00_0003.mp4,0,24,0,3
0121_00_0011.mp4,1,30,0,3
0121_01_0005.mp4,9,9,1,1
0121_01_0006.mp4,8,8,1,1
0121_01_0015.mp4,7,7,1,1
0121_01_0016.mp4,5,5,1,1
0121_02_0001.mp4,12,38,2,5
0121_02_0012.mp4,22,24,2,3
0121_03_0003.mp4,31,29,3,3
0121_03_0004.mp4,31,21,3,2
0121_03_0009.mp4,29,29,3,3
0121_03_0012.mp4,24,24,3,3
0121_03_0015.mp4,30,30,3,3
0121_03_0016.mp4,24,49,3,6
0122_01_0004.mp4,10,10,1,1
0122_01_0005.mp4,10,10,1,1
0122_01_0006.mp4,9,9,1,1
0122_01_0008.mp4,9,9,1,1
0122_01_0010.mp4,7,7,1,1
0122_02_0001.mp4,17,7,2,1
0122_02_0009.mp4,15,17,2,2
0122_02_0010.mp4,23,23,2,2
0122_02_0015.mp4,23,10,2,1
0122_02_0017.mp4,18,17,2,2
0122_02_0021.mp4,22,31,2,3
0122_02_0023.mp4,19,17,2,2
0122_05_0001.mp4,41,39,5,5
0122_06_0007.mp4,49,49,6,6
0123_00_0005.mp4,4,23,0,2
0123_01_0003.mp4,8,7,1,1
0123_01_0006.mp4,5,30,1,3
0123_03_0003.mp4,29,0,3,0
0123_03_0004.mp4,30,30,3,3
0123_03_0009.mp4,30,30,3,3
0123_03_0013.mp4,24,24,3,3
0123_04_0001.mp4,33,0,4,0
0123_04_0002.mp4,34,34,4,4
0123_06_0003.mp4,49,49,6,6
0123_06_0007.mp4,49,24,6,3
0124_01_0002.mp4,8,20,1,2
0124_01_0003.mp4,5,5,1,1
0124_01_0018.mp4,9,9,1,1
0124_01_0020.mp4,8,8,1,1
0124_01_0021.mp4,10,10,1,1
0124_01_0029.mp4,6,6,1,1
0124_02_0001.mp4,17,17,2,2
0124_02_0007.mp4,21,18,2,2
0124_02_0013.mp4,23,23,2,2
0124_02_0028.mp4,18,18,2,2
0124_02_0031.mp4,15,23,2,2
0124_02_0032.mp4,19,23,2,2
0124_02_0038.mp4,22,10,2,1
0124_03_0015.mp4,31,29,3,3
0124_05_0003.mp4,41,38,5,5
0124_05_0005.mp4,39,38,5,5
0124_06_0002.mp4,48,48,6,6
0126_00_0005.mp4,2,24,0,3
0126_00_0009.mp4,0,0,0,0
0126_01_0004.mp4,9,9,1,1
0126_01_0011.mp4,10,10,1,1
0126_01_0017.mp4,5,4,1,0
0126_02_0007.mp4,19,37,2,4
0126_02_0012.mp4,21,21,2,2
0126_02_0016.mp4,23,19,2,2
0126_02_0019.mp4,17,40,2,5
0126_03_0001.mp4,28,28,3,3
0126_03_0013.mp4,28,8,3,1
0126_03_0014.mp4,26,29,3,3
0126_03_0015.mp4,28,28,3,3
0126_03_0019.mp4,30,30,3,3
0126_06_0009.mp4,49,24,6,3
0126_06_0010.mp4,49,49,6,6
0127_01_0003.mp4,9,9,1,1
0127_01_0006.mp4,10,10,1,1
0127_01_0019.mp4,5,5,1,1
0128_00_0013.mp4,0,24,0,3
0128_00_0014.mp4,0,30,0,3
0128_00_0017.mp4,0,24,0,3
0128_00_0018.mp4,0,24,0,3
0128_01_0012.mp4,5,5,1,1
0128_01_0013.mp4,6,6,1,1
0128_02_0003.mp4,17,17,2,2
0128_02_0010.mp4,23,17,2,2
0128_02_0015.mp4,15,24,2,3
0128_02_0018.mp4,22,39,2,5
0128_02_0019.mp4,22,29,2,3
0128_02_0028.mp4,19,17,2,2
0128_02_0031.mp4,19,17,2,2
0128_02_0034.mp4,22,7,2,1
0128_03_0006.mp4,29,0,3,0
0128_03_0009.mp4,24,24,3,3
0128_03_0012.mp4,29,29,3,3
0128_03_0014.mp4,30,24,3,3
0128_03_0015.mp4,24,24,3,3
0128_03_0020.mp4,29,29,3,3
0128_03_0021.mp4,30,30,3,3
0128_03_0024.mp4,26,28,3,3
0128_05_0008.mp4,38,7,5,1
0128_05_0009.mp4,38,39,5,5
0129_01_0006.mp4,10,10,1,1
0129_01_0007.mp4,10,10,1,1
0129_01_0010.mp4,10,10,1,1
0129_01_0014.mp4,8,8,1,1
0129_01_0015.mp4,5,5,1,1
0129_02_0001.mp4,22,38,2,5
0129_02_0004.mp4,22,21,2,2
0129_02_0006.mp4,22,38,2,5
0129_02_0014.mp4,11,35,2,4
0129_04_0003.mp4,33,23,4,2
0129_04_0006.mp4,34,18,4,2
0129_06_0001.mp4,49,24,6,3
0130_00_0001.mp4,4,30,0,3
0130_00_0010.mp4,1,1,0,0
0130_00_0017.mp4,4,4,0,0
0130_00_0020.mp4,4,4,0,0
0130_01_0002.mp4,8,24,1,3
0130_01_0007.mp4,5,38,1,5
0130_01_0009.mp4,5,5,1,1
0130_01_0010.mp4,8,38,1,5
0130_01_0011.mp4,5,4,1,0
0130_02_0006.mp4,18,29,2,3
0130_02_0008.mp4,21,21,2,2
0130_02_0011.mp4,22,39,2,5
0130_03_0003.mp4,24,24,3,3
0130_03_0012.mp4,30,30,3,3
0130_05_0001.mp4,40,38,5,5
0130_05_0002.mp4,40,38,5,5
0130_06_0007.mp4,48,48,6,6
0131_01_0003.mp4,10,10,1,1
0131_01_0011.mp4,9,9,1,1
0131_02_0004.mp4,21,21,2,2
0131_02_0005.mp4,22,19,2,2
0131_06_0002.mp4,48,48,6,6
0132_00_0007.mp4,4,4,0,0
0132_01_0003.mp4,5,38,1,5
0132_01_0004.mp4,6,48,1,6
0132_01_0008.mp4,9,9,1,1
0132_01_0010.mp4,10,10,1,1
0132_01_0011.mp4,9,9,1,1
0132_01_0018.mp4,7,7,1,1
0132_02_0002.mp4,22,38,2,5
0132_02_0005.mp4,11,7,2,1
0132_02_0009.mp4,11,7,2,1
0132_02_0010.mp4,22,38,2,5
0132_03_0001.mp4,30,48,3,6
0132_04_0001.mp4,32,38,4,5
0132_04_0002.mp4,32,22,4,2
0132_04_0004.mp4,33,33,4,4
0133_00_0010.mp4,1,24,0,3
0133_01_0002.mp4,8,8,1,1
0133_01_0008.mp4,8,7,1,1
0133_01_0012.mp4,8,8,1,1
0133_01_0015.mp4,5,5,1,1
0133_02_0001.mp4,18,48,2,6
0133_02_0003.mp4,22,22,2,2
0133_02_0005.mp4,22,22,2,2
0133_02_0006.mp4,22,22,2,2
0133_02_0008.mp4,22,38,2,5
0133_03_0006.mp4,31,24,3,3
0133_03_0008.mp4,31,24,3,3
0133_03_0012.mp4,30,30,3,3
0133_03_0015.mp4,30,7,3,1
0133_03_0016.mp4,29,6,3,1
0133_03_0020.mp4,29,29,3,3
0133_03_0022.mp4,24,24,3,3
0133_04_0001.mp4,36,36,4,4
0133_05_0003.mp4,43,38,5,5
0133_05_0006.mp4,43,40,5,5
0133_05_0007.mp4,43,18,5,2
0133_05_0013.mp4,39,8,5,1
0133_06_0004.mp4,48,48,6,6
0134_00_0007.mp4,4,24,0,3
0134_01_0003.mp4,5,5,1,1
0134_01_0013.mp4,8,8,1,1
0134_01_0014.mp4,5,5,1,1
0134_02_0002.mp4,22,17,2,2
0134_02_0004.mp4,19,23,2,2
0134_02_0005.mp4,22,23,2,2
0134_02_0006.mp4,19,38,2,5
0134_02_0009.mp4,22,23,2,2
0134_02_0013.mp4,22,19,2,2
0134_03_0003.mp4,29,24,3,3
0134_03_0006.mp4,29,29,3,3
0134_03_0015.mp4,24,24,3,3
0134_03_0019.mp4,24,24,3,3
0134_03_0020.mp4,24,49,3,6
0134_04_0001.mp4,33,23,4,2
0134_04_0003.mp4,37,8,4,1
0134_04_0005.mp4,32,24,4,3
0134_04_0006.mp4,33,33,4,4
0134_05_0001.mp4,43,38,5,5
0134_05_0003.mp4,43,39,5,5
0134_05_0007.mp4,43,38,5,5
0134_05_0008.mp4,43,38,5,5
0134_05_0009.mp4,46,38,5,5
0134_06_0010.mp4,48,48,6,6
0135_00_0008.mp4,4,4,0,0
0135_00_0011.mp4,1,1,0,0
0135_00_0013.mp4,4,9,0,1
0135_01_0003.mp4,9,9,1,1
0135_02_0001.mp4,21,10,2,1
0135_02_0003.mp4,22,9,2,1
0135_02_0009.mp4,11,24,2,3
0135_02_0011.mp4,11,9,2,1
0135_03_0008.mp4,28,31,3,3
0135_03_0012.mp4,31,31,3,3
0135_03_0016.mp4,29,31,3,3
0135_03_0017.mp4,30,30,3,3
0135_03_0018.mp4,28,28,3,3
0135_05_0003.mp4,41,38,5,5
0135_06_0003.mp4,50,49,6,6
0135_06_0010.mp4,49,24,6,3
0135_06_0012.mp4,49,49,6,6
0135_06_0016.mp4,50,24,6,3
0135_06_0018.mp4,50,31,6,3
0136_01_0003.mp4,8,8,1,1
0136_01_0005.mp4,8,8,1,1
0136_01_0009.mp4,9,9,1,1
0136_01_0013.mp4,10,10,1,1
0136_01_0021.mp4,5,23,1,2
0136_01_0023.mp4,5,7,1,1
0136_01_0026.mp4,5,5,1,1
0136_02_0011.mp4,22,23,2,2
0136_02_0014.mp4,23,23,2,2
0136_02_0016.mp4,23,8,2,1
0136_02_0020.mp4,22,51,2,6
0136_02_0021.mp4,20,20,2,2
0136_02_0023.mp4,20,20,2,2
0136_03_0023.mp4,24,25,3,3
0136_03_0033.mp4,31,24,3,3
0136_03_0038.mp4,30,30,3,3
0136_03_0045.mp4,24,24,3,3
0136_04_0004.mp4,37,37,4,4
0136_04_0006.mp4,33,33,4,4
0136_05_0001.mp4,43,39,5,5
0136_05_0004.mp4,44,38,5,5
0136_06_0004.mp4,50,50,6,6
0136_06_0007.mp4,48,25,6,3
0136_06_0008.mp4,48,31,6,3
0136_06_0009.mp4,50,25,6,3
0137_00_0004.mp4,1,29,0,3
0137_01_0002.mp4,8,8,1,1
0137_02_0014.mp4,20,20,2,2
0137_02_0015.mp4,15,22,2,2
0137_02_0021.mp4,20,20,2,2
0137_02_0023.mp4,11,20,2,2
0137_02_0026.mp4,11,25,2,3
0137_02_0031.mp4,23,7,2,1
0137_03_0006.mp4,31,24,3,3
0137_03_0014.mp4,30,30,3,3
0137_03_0016.mp4,26,26,3,3
0137_03_0025.mp4,24,24,3,3
0137_05_0004.mp4,41,38,5,5
0137_06_0002.mp4,48,48,6,6
0137_06_0003.mp4,48,48,6,6
0138_01_0001.mp4,9,9,1,1
0138_01_0003.mp4,8,8,1,1
0138_01_0009.mp4,10,10,1,1
0138_01_0010.mp4,7,7,1,1
0138_01_0013.mp4,8,8,1,1
0138_01_0022.mp4,5,4,1,0
0138_02_0011.mp4,22,8,2,1
0138_02_0016.mp4,17,22,2,2
0138_02_0018.mp4,23,23,2,2
0138_03_0001.mp4,29,29,3,3
0138_03_0005.mp4,31,29,3,3
0138_03_0008.mp4,31,29,3,3
0138_03_0013.mp4,28,28,3,3
0138_05_0003.mp4,38,7,5,1
0138_05_0005.mp4,39,8,5,1
0138_06_0002.mp4,48,48,6,6
0138_06_0003.mp4,48,48,6,6
0138_06_0004.mp4,48,48,6,6
0139_00_0013.mp4,0,24,0,3
0139_01_0004.mp4,9,9,1,1
0139_01_0005.mp4,10,10,1,1
0139_01_0007.mp4,8,24,1,3
0139_01_0008.mp4,9,9,1,1
0139_01_0012.mp4,10,10,1,1
0139_01_0022.mp4,8,8,1,1
0139_02_0003.mp4,22,38,2,5
0139_02_0005.mp4,22,24,2,3
0139_02_0006.mp4,21,24,2,3
0139_02_0007.mp4,21,23,2,2
0139_02_0011.mp4,21,10,2,1
0139_02_0012.mp4,21,24,2,3
0139_02_0022.mp4,12,23,2,2
0139_02_0027.mp4,12,23,2,2
0139_02_0031.mp4,23,23,2,2
0139_02_0041.mp4,17,23,2,2
0139_02_0043.mp4,11,23,2,2
0139_02_0048.mp4,18,18,2,2
0139_02_0049.mp4,17,23,2,2
0139_03_0003.mp4,25,25,3,3
0139_03_0008.mp4,31,30,3,3
0139_05_0001.mp4,42,38,5,5
0139_05_0013.mp4,38,38,5,5
0139_06_0007.mp4,49,48,6,6
0140_00_0001.mp4,0,0,0,0
0140_00_0003.mp4,4,4,0,0
0140_00_0005.mp4,4,4,0,0
0140_01_0008.mp4,8,10,1,1
0140_01_0011.mp4,10,9,1,1
0140_01_0013.mp4,6,5,1,1
0140_01_0015.mp4,5,5,1,1
0140_01_0016.mp4,6,5,1,1
0140_02_0004.mp4,22,19,2,2
0140_02_0005.mp4,22,19,2,2
0140_03_0001.mp4,31,30,3,3
0140_03_0003.mp4,24,10,3,1
0140_03_0019.mp4,24,24,3,3
0140_03_0021.mp4,31,31,3,3
0140_03_0026.mp4,31,31,3,3
0140_03_0028.mp4,24,24,3,3
0140_05_0003.mp4,40,40,5,5
0141_00_0008.mp4,0,49,0,6
0141_01_0001.mp4,8,8,1,1
0141_01_0005.mp4,8,29,1,3
0141_01_0006.mp4,7,7,1,1
0141_01_0008.mp4,8,24,1,3
0141_01_0009.mp4,8,8,1,1
0141_01_0010.mp4,10,10,1,1
0141_02_0004.mp4,15,23,2,2
0141_02_0006.mp4,22,23,2,2
0141_02_0007.mp4,12,7,2,1
0141_02_0009.mp4,12,5,2,1
0141_02_0012.mp4,23,23,2,2
0141_02_0014.mp4,19,19,2,2
0141_02_0015.mp4,11,5,2,1
0141_03_0003.mp4,28,24,3,3
0141_03_0004.mp4,28,7,3,1
0141_03_0005.mp4,28,24,3,3
0141_03_0011.mp4,31,24,3,3
0141_04_0002.mp4,37,37,4,4
0141_04_0009.mp4,36,36,4,4
0141_04_0010.mp4,36,36,4,4
0141_05_0003.mp4,38,38,5,5
0141_06_0001.mp4,49,0,6,0
0141_06_0004.mp4,48,48,6,6
0141_06_0006.mp4,49,49,6,6
0142_00_0005.mp4,0,29,0,3
0142_01_0002.mp4,10,10,1,1
0142_01_0005.mp4,10,10,1,1
0142_01_0006.mp4,10,10,1,1
0142_01_0007.mp4,9,9,1,1
0142_01_0011.mp4,7,7,1,1
0142_01_0019.mp4,5,5,1,1
0142_01_0020.mp4,8,6,1,1
0142_01_0021.mp4,6,6,1,1
0142_01_0022.mp4,8,8,1,1
0142_02_0001.mp4,17,23,2,2
0142_02_0008.mp4,12,5,2,1
0142_03_0010.mp4,26,26,3,3
0142_03_0011.mp4,27,30,3,3
0142_03_0029.mp4,29,29,3,3
0142_03_0041.mp4,29,29,3,3
0142_03_0048.mp4,30,30,3,3
0142_03_0056.mp4,30,9,3,1
0142_03_0067.mp4,31,24,3,3
0142_03_0076.mp4,30,10,3,1
0142_03_0083.mp4,29,29,3,3
0142_03_0087.mp4,31,26,3,3
0142_03_0101.mp4,30,30,3,3
0142_03_0107.mp4,31,29,3,3
0142_03_0117.mp4,24,24,3,3
0142_03_0120.mp4,31,31,3,3
0142_03_0122.mp4,31,30,3,3
0142_03_0126.mp4,31,6,3,1
0142_03_0136.mp4,24,24,3,3
0142_03_0137.mp4,31,24,3,3
0142_03_0139.mp4,27,6,3,1
0142_03_0141.mp4,31,31,3,3
0142_03_0152.mp4,31,31,3,3
0142_03_0163.mp4,31,5,3,1
0142_04_0002.mp4,33,30,4,3
0142_05_0003.mp4,46,38,5,5
0142_06_0001.mp4,48,48,6,6
0143_01_0002.mp4,8,8,1,1
0143_01_0010.mp4,8,8,1,1
0143_02_0001.mp4,22,38,2,5
0143_02_0003.mp4,16,48,2,6
0143_02_0006.mp4,22,38,2,5
0143_02_0012.mp4,19,48,2,6
0143_02_0013.mp4,22,23,2,2
0143_02_0014.mp4,16,48,2,6
0143_02_0015.mp4,17,8,2,1
0143_02_0022.mp4,16,48,2,6
0143_02_0023.mp4,22,38,2,5
0143_02_0025.mp4,22,7,2,1
0143_02_0030.mp4,22,38,2,5
0143_03_0009.mp4,26,30,3,3
0143_03_0020.mp4,29,29,3,3
0143_04_0002.mp4,32,38,4,5
0143_05_0004.mp4,39,38,5,5
0143_05_0012.mp4,44,38,5,5
0143_06_0001.mp4,48,48,6,6
0144_01_0001.mp4,9,9,1,1
0144_01_0017.mp4,9,9,1,1
0144_01_0018.mp4,9,9,1,1
0144_01_0020.mp4,7,39,1,5
0144_02_0004.mp4,11,11,2,2
0144_02_0008.mp4,17,8,2,1
0144_02_0012.mp4,17,17,2,2
0144_02_0015.mp4,12,38,2,5
0144_02_0016.mp4,17,17,2,2
0144_03_0008.mp4,31,31,3,3
0144_03_0009.mp4,27,27,3,3
0144_03_0011.mp4,29,29,3,3
0144_04_0003.mp4,33,33,4,4
0144_05_0005.mp4,38,38,5,5
0144_05_0010.mp4,39,38,5,5
0144_06_0004.mp4,48,48,6,6
0144_06_0006.mp4,49,48,6,6
0144_06_0012.mp4,50,49,6,6
0144_06_0013.mp4,50,30,6,3
0145_00_0006.mp4,4,4,0,0
0145_01_0001.mp4,9,9,1,1
0145_01_0002.mp4,9,9,1,1
0145_01_0004.mp4,9,9,1,1
0145_01_0006.mp4,10,10,1,1
0145_01_0012.mp4,8,8,1,1
0145_01_0015.mp4,8,8,1,1
0145_01_0024.mp4,8,8,1,1
0145_02_0009.mp4,22,38,2,5
0145_02_0011.mp4,22,8,2,1
0145_02_0015.mp4,23,23,2,2
0145_02_0016.mp4,23,23,2,2
0145_02_0017.mp4,23,23,2,2
0145_02_0018.mp4,22,38,2,5
0145_02_0023.mp4,22,22,2,2
0145_02_0027.mp4,12,6,2,1
0145_04_0001.mp4,32,17,4,2
0145_04_0005.mp4,37,8,4,1
0145_05_0001.mp4,44,24,5,3
0145_05_0004.mp4,39,38,5,5
0145_05_0005.mp4,41,38,5,5
0145_05_0006.mp4,44,38,5,5
0145_05_0014.mp4,43,38,5,5
0145_05_0020.mp4,38,38,5,5
0145_06_0005.mp4,49,49,6,6
0145_06_0008.mp4,49,49,6,6
0145_06_0009.mp4,49,31,6,3
0145_06_0012.mp4,49,7,6,1
0146_02_0001.mp4,22,7,2,1
0146_02_0009.mp4,22,31,2,3
0146_05_0001.mp4,38,38,5,5
0146_05_0003.mp4,38,38,5,5
0146_05_0009.mp4,44,31,5,3
0146_05_0012.mp4,47,40,5,5
0147_00_0003.mp4,0,30,0,3
0147_01_0004.mp4,5,5,1,1
0147_01_0008.mp4,8,8,1,1
0147_01_0012.mp4,10,10,1,1
0147_01_0017.mp4,8,8,1,1
0147_01_0018.mp4,7,7,1,1
0147_02_0003.mp4,23,6,2,1
0147_02_0006.mp4,21,24,2,3
0147_02_0016.mp4,22,32,2,4
0147_03_0001.mp4,30,30,3,3
0147_03_0002.mp4,30,30,3,3
0147_03_0005.mp4,26,30,3,3
0147_03_0008.mp4,30,0,3,0
0147_05_0001.mp4,41,7,5,1
0148_00_0001.mp4,4,4,0,0
0148_00_0004.mp4,0,0,0,0
0148_01_0005.mp4,7,2,1,0
0148_01_0006.mp4,9,9,1,1
0148_01_0007.mp4,10,8,1,1
0148_01_0008.mp4,9,9,1,1
0148_01_0010.mp4,7,7,1,1
0148_01_0013.mp4,8,7,1,1
0148_01_0015.mp4,10,10,1,1
0148_01_0019.mp4,7,24,1,3
0148_01_0020.mp4,10,10,1,1
0148_02_0009.mp4,15,23,2,2
0148_02_0015.mp4,20,10,2,1
0148_02_0017.mp4,20,23,2,2
0148_02_0018.mp4,20,23,2,2
0148_02_0022.mp4,12,10,2,1
0148_02_0024.mp4,22,8,2,1
0148_02_0030.mp4,16,5,2,1
0148_02_0032.mp4,21,23,2,2
0149_00_0002.mp4,0,24,0,3
0149_00_0004.mp4,4,29,0,3
0149_01_0003.mp4,10,10,1,1
0149_01_0009.mp4,7,8,1,1
0149_02_0004.mp4,22,38,2,5
0149_03_0003.mp4,31,31,3,3
0150_00_0003.mp4,1,27,0,3
0150_00_0004.mp4,4,1,0,0
0150_01_0003.mp4,7,7,1,1
0150_01_0005.mp4,7,9,1,1
0150_01_0009.mp4,7,7,1,1
0150_01_0011.mp4,8,8,1,1
0150_01_0014.mp4,8,8,1,1
0150_01_0016.mp4,8,8,1,1
0150_01_0018.mp4,8,8,1,1
0150_01_0023.mp4,8,8,1,1
0150_01_0024.mp4,8,25,1,3
0150_02_0001.mp4,22,25,2,3
0150_02_0004.mp4,21,10,2,1
0150_02_0005.mp4,23,23,2,2
0150_02_0006.mp4,23,23,2,2
0150_02_0019.mp4,23,23,2,2
0150_02_0020.mp4,23,20,2,2
0150_03_0007.mp4,25,37,3,4
0150_04_0002.mp4,37,37,4,4
0150_06_0007.mp4,50,25,6,3
0151_01_0001.mp4,9,9,1,1
0151_01_0006.mp4,9,9,1,1
0151_01_0008.mp4,10,10,1,1
0151_01_0015.mp4,8,8,1,1
0151_02_0002.mp4,22,1,2,0
0151_02_0006.mp4,22,23,2,2
0151_02_0007.mp4,23,23,2,2
0151_02_0013.mp4,22,50,2,6
0151_02_0025.mp4,19,19,2,2
0151_03_0002.mp4,25,25,3,3
0151_03_0008.mp4,25,25,3,3
0151_03_0009.mp4,26,10,3,1
0151_04_0003.mp4,35,38,4,5
0151_05_0014.mp4,39,22,5,2
0151_06_0010.mp4,51,51,6,6
0151_06_0020.mp4,51,30,6,3
0152_00_0002.mp4,4,4,0,0
0152_01_0005.mp4,10,10,1,1
0152_01_0006.mp4,8,8,1,1
0152_01_0012.mp4,6,24,1,3
0152_01_0014.mp4,8,8,1,1
0152_01_0015.mp4,8,8,1,1
0152_02_0006.mp4,22,19,2,2
0152_03_0003.mp4,24,10,3,1
0152_03_0010.mp4,30,49,3,6
0152_03_0012.mp4,30,30,3,3
0152_05_0003.mp4,43,22,5,2
0152_06_0002.mp4,48,24,6,3
0152_06_0004.mp4,48,23,6,2
0153_00_0008.mp4,1,0,0,0
0153_01_0002.mp4,9,9,1,1
0153_01_0007.mp4,8,8,1,1
0153_01_0013.mp4,10,10,1,1
0153_01_0017.mp4,7,7,1,1
0153_02_0004.mp4,12,22,2,2
0153_02_0015.mp4,11,17,2,2
0153_02_0016.mp4,11,11,2,2
0153_02_0018.mp4,20,20,2,2
0153_03_0004.mp4,29,29,3,3
0153_03_0005.mp4,30,30,3,3
0153_03_0009.mp4,31,31,3,3
0153_05_0005.mp4,38,38,5,5
0153_05_0007.mp4,41,38,5,5
0153_05_0008.mp4,43,39,5,5
0153_05_0010.mp4,39,39,5,5
0153_06_0002.mp4,49,48,6,6
0153_06_0011.mp4,48,48,6,6
0154_00_0001.mp4,0,0,0,0
0154_00_0007.mp4,4,4,0,0
0154_01_0002.mp4,10,10,1,1
0154_01_0003.mp4,10,10,1,1
0154_01_0005.mp4,10,10,1,1
0154_01_0007.mp4,10,10,1,1
0154_01_0016.mp4,5,5,1,1
0154_02_0005.mp4,13,17,2,2
0154_02_0014.mp4,23,48,2,6
0154_02_0015.mp4,20,20,2,2
0154_02_0016.mp4,13,48,2,6
0154_02_0018.mp4,23,17,2,2
0154_02_0019.mp4,14,14,2,2
0154_02_0022.mp4,20,20,2,2
0154_02_0023.mp4,19,19,2,2
0154_03_0004.mp4,27,49,3,6
0154_03_0007.mp4,26,5,3,1
0154_05_0002.mp4,41,38,5,5
0154_05_0003.mp4,39,38,5,5
0154_06_0003.mp4,48,48,6,6
0154_06_0008.mp4,49,49,6,6
0155_00_0001.mp4,1,30,0,3
0155_00_0004.mp4,1,1,0,0
0155_00_0006.mp4,1,1,0,0
0155_01_0010.mp4,8,31,1,3
0155_02_0002.mp4,21,31,2,3
0155_02_0005.mp4,21,21,2,2
0155_02_0007.mp4,23,20,2,2
0155_03_0005.mp4,28,28,3,3
0155_06_0002.mp4,48,48,6,6
0155_06_0005.mp4,48,47,6,5
0155_06_0006.mp4,48,17,6,2
0155_06_0007.mp4,48,48,6,6
0156_01_0001.mp4,8,8,1,1
0156_01_0006.mp4,8,8,1,1
0156_01_0008.mp4,10,10,1,1
0156_02_0005.mp4,23,48,2,6
0156_02_0007.mp4,16,8,2,1
0156_02_0014.mp4,21,20,2,2
0156_03_0005.mp4,29,29,3,3
0156_03_0007.mp4,24,50,3,6
0156_03_0014.mp4,29,29,3,3
0156_06_0011.mp4,48,48,6,6
0157_01_0002.mp4,8,38,1,5
0157_01_0008.mp4,8,8,1,1
0157_02_0001.mp4,15,23,2,2
0157_02_0002.mp4,23,23,2,2
0157_02_0003.mp4,22,38,2,5
0157_02_0008.mp4,23,23,2,2
0157_02_0009.mp4,23,10,2,1
0157_02_0011.mp4,22,48,2,6
0157_02_0015.mp4,23,9,2,1
0157_04_0002.mp4,33,33,4,4
0157_04_0003.mp4,33,33,4,4
0157_05_0004.mp4,40,38,5,5
0157_06_0001.mp4,48,48,6,6
0157_06_0003.mp4,48,48,6,6
0157_06_0004.mp4,48,48,6,6
0157_06_0007.mp4,51,48,6,6
0157_06_0008.mp4,48,48,6,6
0157_06_0010.mp4,48,10,6,1
0157_06_0011.mp4,48,8,6,1
0158_01_0001.mp4,8,10,1,1
0158_01_0003.mp4,9,9,1,1
0158_02_0007.mp4,11,33,2,4
0158_03_0001.mp4,26,29,3,3
0159_00_0002.mp4,0,31,0,3
0159_00_0003.mp4,0,7,0,1
0159_01_0007.mp4,9,9,1,1
0159_01_0008.mp4,7,32,1,4
0159_01_0009.mp4,8,22,1,2
0159_01_0011.mp4,10,10,1,1
0159_01_0024.mp4,8,8,1,1
0159_02_0001.mp4,23,23,2,2
0159_02_0003.mp4,11,7,2,1
0159_02_0007.mp4,11,11,2,2
0159_04_0002.mp4,32,5,4,1
0159_05_0001.mp4,42,38,5,5
0159_06_0002.mp4,48,48,6,6
0160_01_0001.mp4,9,9,1,1
0160_01_0015.mp4,5,5,1,1
0160_02_0005.mp4,22,9,2,1
0160_02_0008.mp4,23,23,2,2
0160_02_0011.mp4,12,24,2,3
0160_02_0014.mp4,23,10,2,1
0160_02_0015.mp4,23,48,2,6
0160_03_0006.mp4,31,24,3,3
0160_06_0003.mp4,48,48,6,6
0160_06_0004.mp4,48,6,6,1
0160_06_0006.mp4,48,48,6,6
0160_06_0008.mp4,48,10,6,1
0161_00_0017.mp4,1,1,0,0
0161_01_0007.mp4,7,40,1,5
0161_01_0008.mp4,7,7,1,1
0161_01_0020.mp4,7,7,1,1
0161_01_0025.mp4,5,5,1,1
0161_01_0027.mp4,8,8,1,1
0161_02_0003.mp4,22,40,2,5
0161_02_0011.mp4,22,38,2,5
0161_02_0013.mp4,22,24,2,3
0161_02_0015.mp4,12,24,2,3
0161_05_0012.mp4,43,38,5,5
0161_05_0013.mp4,43,40,5,5
0161_05_0019.mp4,46,38,5,5
0161_05_0027.mp4,45,8,5,1
0161_06_0001.mp4,48,48,6,6
0161_06_0002.mp4,48,48,6,6
0161_06_0004.mp4,48,17,6,2
0162_00_0003.mp4,0,0,0,0
0162_00_0004.mp4,0,0,0,0
0162_00_0010.mp4,4,4,0,0
0162_01_0002.mp4,9,9,1,1
0162_01_0003.mp4,5,5,1,1
0162_02_0007.mp4,11,25,2,3
0162_02_0009.mp4,21,24,2,3
0162_02_0015.mp4,21,21,2,2
0162_02_0019.mp4,16,24,2,3
0162_03_0004.mp4,29,29,3,3
0162_03_0005.mp4,31,30,3,3
0162_04_0003.mp4,32,39,4,5
0162_05_0002.mp4,41,39,5,5
0162_05_0004.mp4,38,38,5,5
0162_05_0007.mp4,38,39,5,5
0162_05_0010.mp4,41,38,5,5
0162_06_0004.mp4,48,10,6,1
0162_06_0007.mp4,49,49,6,6
0163_01_0009.mp4,8,8,1,1
0163_01_0011.mp4,7,7,1,1
0163_01_0012.mp4,9,9,1,1
0163_01_0013.mp4,7,7,1,1
0163_01_0023.mp4,10,7,1,1
0163_01_0028.mp4,9,9,1,1
0163_01_0030.mp4,9,9,1,1
0163_01_0031.mp4,8,8,1,1
0163_02_0001.mp4,22,38,2,5
0163_02_0002.mp4,22,38,2,5
0163_02_0007.mp4,22,32,2,4
0163_02_0008.mp4,15,33,2,4
0163_02_0011.mp4,21,7,2,1
0163_02_0016.mp4,21,31,2,3
0163_03_0010.mp4,27,27,3,3
0163_04_0001.mp4,32,22,4,2
0163_05_0005.mp4,41,5,5,1
0163_05_0006.mp4,40,47,5,5
0163_06_0010.mp4,49,5,6,1
0164_00_0001.mp4,4,26,0,3
0164_00_0003.mp4,4,4,0,0
0164_01_0012.mp4,8,8,1,1
0164_01_0018.mp4,6,6,1,1
0164_02_0002.mp4,12,38,2,5
0164_02_0012.mp4,13,24,2,3
0164_02_0013.mp4,13,24,2,3
0164_02_0015.mp4,13,24,2,3
0164_02_0016.mp4,22,5,2,1
0164_02_0019.mp4,22,20,2,2
0164_02_0020.mp4,22,8,2,1
0164_02_0023.mp4,11,10,2,1
0164_02_0024.mp4,21,24,2,3
0164_02_0025.mp4,21,8,2,1
0164_02_0027.mp4,11,11,2,2
0164_03_0005.mp4,31,29,3,3
0164_03_0011.mp4,29,29,3,3
0164_05_0005.mp4,46,29,5,3
0164_05_0010.mp4,43,24,5,3
0164_06_0008.mp4,49,9,6,1
0164_06_0013.mp4,49,49,6,6
0164_06_0017.mp4,48,48,6,6
0165_01_0012.mp4,9,9,1,1
0165_01_0013.mp4,8,8,1,1
0165_01_0014.mp4,5,5,1,1
0165_02_0003.mp4,15,23,2,2
0165_02_0004.mp4,23,23,2,2
0165_02_0007.mp4,23,20,2,2
0165_02_0011.mp4,17,23,2,2
0165_03_0006.mp4,28,24,3,3
0165_03_0015.mp4,30,6,3,1
0165_03_0017.mp4,28,25,3,3
0165_05_0004.mp4,38,38,5,5
0165_05_0008.mp4,42,38,5,5
0166_00_0002.mp4,0,24,0,3
0166_00_0003.mp4,0,24,0,3
0166_01_0002.mp4,9,5,1,1
0166_01_0004.mp4,9,9,1,1
0166_01_0006.mp4,8,8,1,1
0166_01_0010.mp4,8,10,1,1
0166_01_0011.mp4,7,7,1,1
0166_01_0017.mp4,9,9,1,1
0166_01_0020.mp4,9,25,1,3
0166_01_0023.mp4,9,9,1,1
0166_01_0024.mp4,8,38,1,5
0166_02_0006.mp4,21,7,2,1
0166_02_0007.mp4,22,24,2,3
0166_02_0008.mp4,16,48,2,6
0166_02_0012.mp4,11,23,2,2
0166_02_0014.mp4,11,11,2,2
0166_02_0017.mp4,11,5,2,1
0166_02_0019.mp4,22,40,2,5
0166_02_0023.mp4,21,9,2,1
0166_02_0024.mp4,21,49,2,6
0166_02_0025.mp4,22,38,2,5
0166_02_0029.mp4,22,38,2,5
0166_03_0001.mp4,24,9,3,1
0166_03_0005.mp4,31,24,3,3
0166_05_0001.mp4,43,38,5,5
0166_05_0005.mp4,41,38,5,5
0166_05_0008.mp4,43,38,5,5
0166_05_0011.mp4,43,38,5,5
0166_06_0002.mp4,49,49,6,6
0166_06_0006.mp4,49,25,6,3
0166_06_0008.mp4,50,4,6,0
0167_01_0003.mp4,7,7,1,1
0167_01_0004.mp4,7,7,1,1
0167_01_0006.mp4,7,7,1,1
0167_01_0007.mp4,7,23,1,2
0167_01_0008.mp4,7,24,1,3
0167_02_0005.mp4,23,48,2,6
0167_02_0007.mp4,19,19,2,2
0167_02_0013.mp4,23,23,2,2
0167_03_0005.mp4,31,7,3,1
0167_06_0001.mp4,49,48,6,6
0167_06_0006.mp4,48,48,6,6
0168_00_0001.mp4,0,0,0,0
0168_01_0001.mp4,8,35,1,4
0168_01_0002.mp4,8,8,1,1
0168_01_0005.mp4,10,10,1,1
0168_01_0007.mp4,9,9,1,1
0168_01_0009.mp4,8,8,1,1
0168_01_0019.mp4,10,10,1,1
0168_02_0003.mp4,22,38,2,5
0168_02_0004.mp4,12,31,2,3
0168_02_0006.mp4,21,2,2,0
0168_02_0007.mp4,21,31,2,3
0168_02_0011.mp4,23,23,2,2
0168_03_0011.mp4,29,29,3,3
0168_03_0017.mp4,30,30,3,3
0168_03_0019.mp4,30,25,3,3
0168_03_0023.mp4,30,30,3,3
0168_04_0002.mp4,34,32,4,4
0168_06_0001.mp4,48,48,6,6
0169_00_0007.mp4,0,29,0,3
0169_00_0009.mp4,4,49,0,6
0169_01_0004.mp4,9,9,1,1
0169_01_0010.mp4,9,9,1,1
0169_01_0015.mp4,8,8,1,1
0169_01_0016.mp4,9,5,1,1
0169_01_0020.mp4,9,9,1,1
0169_02_0001.mp4,22,40,2,5
0169_02_0002.mp4,23,48,2,6
0169_02_0004.mp4,22,8,2,1
0169_02_0007.mp4,23,23,2,2
0169_02_0012.mp4,23,23,2,2
0169_03_0004.mp4,30,30,3,3
0169_03_0008.mp4,29,29,3,3
0169_03_0013.mp4,25,25,3,3
0169_03_0014.mp4,25,25,3,3
0169_03_0018.mp4,25,25,3,3
0169_05_0001.mp4,42,8,5,1
0169_05_0002.mp4,39,39,5,5
0169_05_0005.mp4,42,23,5,2
0169_05_0006.mp4,39,8,5,1
0169_05_0007.mp4,39,7,5,1
0169_06_0006.mp4,49,50,6,6
0170_00_0003.mp4,0,50,0,6
0170_00_0006.mp4,0,0,0,0
0170_01_0002.mp4,5,5,1,1
0170_02_0002.mp4,12,49,2,6
0170_02_0008.mp4,22,38,2,5
0170_02_0009.mp4,23,23,2,2
0170_03_0008.mp4,31,31,3,3
0170_05_0001.mp4,41,38,5,5
0170_05_0002.mp4,44,38,5,5
0171_01_0004.mp4,10,10,1,1
0171_01_0007.mp4,7,7,1,1
0171_01_0016.mp4,10,10,1,1
0171_01_0018.mp4,9,9,1,1
0171_01_0019.mp4,5,5,1,1
0171_01_0020.mp4,6,6,1,1
0171_01_0027.mp4,5,5,1,1
0171_02_0001.mp4,21,49,2,6
0171_02_0004.mp4,22,38,2,5
0171_02_0007.mp4,22,7,2,1
0171_02_0008.mp4,22,32,2,4
0171_06_0006.mp4,50,50,6,6
0171_06_0007.mp4,48,48,6,6
0171_06_0008.mp4,48,23,6,2
0172_00_0012.mp4,0,29,0,3
0172_01_0001.mp4,9,9,1,1
0172_01_0004.mp4,8,48,1,6
0172_01_0005.mp4,8,8,1,1
0172_01_0008.mp4,8,8,1,1
0172_01_0010.mp4,9,9,1,1
0172_01_0019.mp4,9,9,1,1
0172_01_0022.mp4,8,8,1,1
0172_02_0003.mp4,22,49,2,6
0172_02_0008.mp4,21,30,2,3
0172_02_0017.mp4,12,20,2,2
0172_03_0011.mp4,30,30,3,3
0172_03_0014.mp4,30,30,3,3
0172_03_0016.mp4,30,25,3,3
0172_03_0018.mp4,30,30,3,3
0172_03_0019.mp4,29,29,3,3
0172_03_0021.mp4,30,30,3,3
0172_03_0023.mp4,29,29,3,3
0172_03_0024.mp4,30,48,3,6
0172_04_0004.mp4,34,23,4,2
0172_05_0003.mp4,43,39,5,5
0172_06_0007.mp4,48,48,6,6
0172_06_0008.mp4,48,48,6,6
0173_00_0001.mp4,1,1,0,0
0173_00_0007.mp4,4,4,0,0
0173_01_0001.mp4,8,8,1,1
0173_01_0004.mp4,9,9,1,1
0173_01_0007.mp4,8,8,1,1
0173_01_0008.mp4,8,8,1,1
0173_01_0013.mp4,8,10,1,1
0173_01_0015.mp4,9,9,1,1
0173_02_0001.mp4,21,8,2,1
0173_02_0003.mp4,21,21,2,2
0173_02_0006.mp4,21,21,2,2
0173_03_0005.mp4,30,30,3,3
0174_00_0001.mp4,0,24,0,3
0174_00_0008.mp4,0,24,0,3
0174_01_0006.mp4,10,10,1,1
0174_01_0007.mp4,10,10,1,1
0174_01_0008.mp4,9,9,1,1
0174_01_0010.mp4,9,9,1,1
0174_02_0001.mp4,12,48,2,6
0174_02_0002.mp4,12,23,2,2
0174_02_0004.mp4,12,48,2,6
0174_02_0007.mp4,12,23,2,2
0174_02_0008.mp4,20,23,2,2
0174_02_0009.mp4,23,48,2,6
0174_02_0010.mp4,23,19,2,2
0174_02_0011.mp4,20,23,2,2
0174_02_0015.mp4,22,24,2,3
0174_02_0017.mp4,17,17,2,2
0174_03_0003.mp4,24,24,3,3
0174_03_0005.mp4,24,24,3,3
0174_03_0010.mp4,28,28,3,3
0174_03_0017.mp4,30,30,3,3
0174_03_0029.mp4,31,31,3,3
0174_04_0002.mp4,32,31,4,3
0174_06_0006.mp4,48,48,6,6
0175_00_0005.mp4,1,1,0,0
0175_00_0012.mp4,1,9,0,1
0175_01_0007.mp4,6,38,1,5
0175_01_0013.mp4,10,10,1,1
0175_01_0015.mp4,5,5,1,1
0175_01_0018.mp4,8,8,1,1
0175_01_0019.mp4,6,8,1,1
0175_01_0020.mp4,5,5,1,1
0175_02_0001.mp4,21,31,2,3
0175_02_0003.mp4,21,9,2,1
0175_02_0004.mp4,22,38,2,5
0175_02_0010.mp4,11,30,2,3
0175_02_0011.mp4,11,7,2,1
0175_02_0012.mp4,11,30,2,3
0175_02_0018.mp4,22,6,2,1
0175_02_0021.mp4,21,29,2,3
0175_02_0024.mp4,20,20,2,2
0175_02_0025.mp4,22,39,2,5
0175_03_0009.mp4,28,48,3,6
0175_05_0010.mp4,41,7,5,1
0175_05_0016.mp4,43,38,5,5
0175_05_0017.mp4,46,38,5,5
0175_05_0018.mp4,46,40,5,5
0175_05_0021.mp4,40,38,5,5
0175_06_0002.mp4,48,9,6,1
0176_01_0007.mp4,9,9,1,1
0176_01_0008.mp4,9,9,1,1
0176_01_0010.mp4,9,9,1,1
0176_01_0013.mp4,9,9,1,1
0176_02_0001.mp4,22,9,2,1
0176_02_0007.mp4,22,19,2,2
0176_03_0005.mp4,31,31,3,3
0177_00_0003.mp4,0,0,0,0
0177_00_0005.mp4,0,0,0,0
0177_01_0005.mp4,6,6,1,1
0177_01_0008.mp4,7,7,1,1
0177_01_0011.mp4,7,7,1,1
0177_01_0013.mp4,8,8,1,1
0177_01_0016.mp4,7,38,1,5
0177_02_0003.mp4,23,19,2,2
0177_02_0005.mp4,11,11,2,2
0177_02_0006.mp4,11,11,2,2
0177_02_0015.mp4,21,24,2,3
0177_03_0002.mp4,31,24,3,3
0177_03_0010.mp4,28,28,3,3
0177_04_0001.mp4,35,35,4,4
0177_06_0001.mp4,49,8,6,1
0177_06_0002.mp4,48,48,6,6
0177_06_0003.mp4,49,48,6,6
0177_06_0005.mp4,49,48,6,6
0177_06_0006.mp4,48,48,6,6
0177_06_0007.mp4,48,10,6,1
0177_06_0010.mp4,50,50,6,6
0178_01_0002.mp4,9,31,1,3
0178_01_0004.mp4,5,29,1,3
0178_01_0005.mp4,8,30,1,3
0178_01_0007.mp4,7,29,1,3
0178_01_0008.mp4,7,31,1,3
0178_01_0013.mp4,6,21,1,2
0178_01_0015.mp4,8,31,1,3
0178_01_0018.mp4,5,9,1,1
0178_01_0019.mp4,10,10,1,1
0178_01_0029.mp4,8,8,1,1
0178_02_0002.mp4,21,31,2,3
0178_02_0007.mp4,21,23,2,2
0178_02_0013.mp4,21,22,2,2
0178_02_0014.mp4,21,21,2,2
0178_02_0019.mp4,22,38,2,5
0178_02_0021.mp4,22,47,2,5
0178_03_0001.mp4,31,30,3,3
0178_03_0005.mp4,27,27,3,3
0178_03_0010.mp4,27,27,3,3
0178_04_0001.mp4,35,22,4,2
0178_04_0004.mp4,32,22,4,2
0178_04_0007.mp4,34,34,4,4
0178_05_0004.mp4,43,38,5,5
0178_05_0012.mp4,47,38,5,5
0178_06_0001.mp4,49,23,6,2
0178_06_0002.mp4,49,24,6,3
0178_06_0004.mp4,50,10,6,1
0179_00_0007.mp4,0,0,0,0
0179_01_0001.mp4,8,8,1,1
0179_01_0002.mp4,6,10,1,1
0179_01_0003.mp4,8,8,1,1
0179_01_0004.mp4,9,9,1,1
0179_01_0005.mp4,7,7,1,1
0179_02_0001.mp4,22,38,2,5
0179_02_0002.mp4,22,34,2,4
0179_02_0004.mp4,22,38,2,5
0179_02_0006.mp4,16,23,2,2
0179_02_0008.mp4,21,33,2,4
0179_04_0005.mp4,36,34,4,4
0179_05_0003.mp4,39,39,5,5
0179_06_0009.mp4,49,48,6,6
0180_01_0005.mp4,9,9,1,1
0180_02_0001.mp4,21,24,2,3
0180_02_0007.mp4,22,38,2,5
0180_02_0011.mp4,21,21,2,2
0180_02_0014.mp4,21,24,2,3
0180_02_0015.mp4,21,21,2,2
0180_04_0002.mp4,34,34,4,4
0180_05_0003.mp4,43,38,5,5
0180_05_0007.mp4,47,22,5,2
0180_06_0001.mp4,49,9,6,1
0182_00_0006.mp4,1,6,0,1
0182_00_0008.mp4,0,29,0,3
0182_00_0013.mp4,2,48,0,6
0182_01_0001.mp4,9,5,1,1
0182_01_0002.mp4,6,24,1,3
0182_01_0003.mp4,5,5,1,1
0182_01_0004.mp4,6,4,1,0
0182_01_0005.mp4,5,5,1,1
0182_01_0008.mp4,6,6,1,1
0182_01_0009.mp4,7,38,1,5
0182_01_0011.mp4,8,8,1,1
0182_01_0012.mp4,5,5,1,1
0182_02_0006.mp4,22,38,2,5
0182_02_0010.mp4,12,35,2,4
0182_02_0011.mp4,12,25,2,3
0182_03_0002.mp4,31,31,3,3
0182_04_0001.mp4,35,35,4,4
0182_05_0004.mp4,38,38,5,5
0182_05_0006.mp4,43,38,5,5
0182_05_0009.mp4,40,39,5,5
0182_05_0011.mp4,41,31,5,3
0182_05_0012.mp4,38,38,5,5
0182_05_0016.mp4,44,38,5,5
0183_00_0002.mp4,0,0,0,0
0183_00_0004.mp4,0,30,0,3
0183_01_0002.mp4,9,9,1,1
0183_01_0004.mp4,10,10,1,1
0183_01_0008.mp4,10,10,1,1
0183_01_0013.mp4,10,10,1,1
0183_01_0015.mp4,10,10,1,1
0183_01_0017.mp4,7,7,1,1
0183_02_0001.mp4,23,23,2,2
0183_02_0002.mp4,20,20,2,2
0183_03_0002.mp4,31,30,3,3
0183_03_0004.mp4,31,24,3,3
0183_03_0006.mp4,31,31,3,3
0184_01_0002.mp4,8,8,1,1
0184_02_0003.mp4,22,9,2,1
0184_02_0004.mp4,16,24,2,3
0184_02_0009.mp4,22,38,2,5
0184_02_0013.mp4,22,38,2,5
0184_02_0014.mp4,21,9,2,1
0184_02_0015.mp4,16,23,2,2
0184_03_0008.mp4,31,48,3,6
0184_04_0001.mp4,32,38,4,5
0184_05_0005.mp4,47,38,5,5
0184_05_0007.mp4,47,38,5,5
0184_05_0009.mp4,47,22,5,2
0184_05_0015.mp4,47,22,5,2
0184_06_0004.mp4,48,48,6,6
0185_00_0001.mp4,0,0,0,0
0185_00_0005.mp4,1,49,0,6
0185_00_0006.mp4,1,29,0,3
0185_01_0002.mp4,8,8,1,1
0185_01_0004.mp4,5,7,1,1
0185_01_0006.mp4,8,8,1,1
0185_01_0008.mp4,8,8,1,1
0185_01_0010.mp4,7,22,1,2
0185_01_0011.mp4,8,8,1,1
0185_01_0012.mp4,8,8,1,1
0185_01_0013.mp4,7,1,1,0
0185_01_0015.mp4,9,5,1,1
0185_01_0017.mp4,8,8,1,1
0185_02_0001.mp4,22,0,2,0
0185_02_0002.mp4,21,21,2,2
0185_02_0007.mp4,21,23,2,2
0185_02_0009.mp4,22,29,2,3
0185_02_0010.mp4,23,8,2,1
0185_02_0014.mp4,21,24,2,3
0185_02_0015.mp4,14,24,2,3
0185_03_0002.mp4,30,30,3,3
0185_03_0003.mp4,29,29,3,3
0185_03_0009.mp4,28,28,3,3
0185_03_0012.mp4,30,30,3,3
0186_00_0002.mp4,0,0,0,0
0186_00_0007.mp4,0,24,0,3
0186_00_0012.mp4,4,4,0,0
0186_01_0004.mp4,8,8,1,1
0186_01_0008.mp4,8,8,1,1
0186_01_0009.mp4,8,8,1,1
0186_01_0012.mp4,8,8,1,1
0186_01_0019.mp4,6,8,1,1
0186_01_0022.mp4,8,8,1,1
0186_01_0031.mp4,10,10,1,1
0186_02_0002.mp4,20,23,2,2
0186_02_0008.mp4,16,23,2,2
0186_03_0002.mp4,24,37,3,4
0186_03_0003.mp4,31,24,3,3
0186_03_0009.mp4,25,48,3,6
0186_05_0004.mp4,41,8,5,1
0186_05_0007.mp4,40,38,5,5
0187_00_0004.mp4,1,25,0,3
0187_00_0007.mp4,4,4,0,0
0187_01_0002.mp4,7,37,1,4
0187_01_0003.mp4,7,7,1,1
0187_01_0010.mp4,5,5,1,1
0187_01_0011.mp4,5,5,1,1
0187_01_0020.mp4,8,5,1,1
0187_01_0022.mp4,8,8,1,1
0187_01_0025.mp4,5,5,1,1
0187_01_0026.mp4,5,5,1,1
0187_01_0029.mp4,8,7,1,1
0187_01_0031.mp4,5,8,1,1
0187_02_0004.mp4,11,23,2,2
0187_02_0011.mp4,20,23,2,2
0187_03_0005.mp4,24,31,3,3
0187_03_0007.mp4,31,24,3,3
0187_03_0014.mp4,31,25,3,3
0187_03_0017.mp4,31,31,3,3
0187_03_0025.mp4,31,31,3,3
0187_03_0029.mp4,31,7,3,1
0187_03_0030.mp4,31,24,3,3
0187_03_0034.mp4,31,31,3,3
0187_03_0041.mp4,31,8,3,1
0187_03_0046.mp4,31,7,3,1
0187_03_0062.mp4,30,1,3,0
0187_03_0070.mp4,31,31,3,3
0187_03_0080.mp4,25,25,3,3
0187_03_0108.mp4,31,7,3,1
0187_03_0120.mp4,31,23,3,2
0187_03_0127.mp4,31,6,3,1
0187_04_0003.mp4,37,37,4,4
0188_01_0003.mp4,8,24,1,3
0188_01_0005.mp4,8,8,1,1
0188_01_0008.mp4,6,6,1,1
0188_03_0003.mp4,31,30,3,3
0188_03_0005.mp4,30,30,3,3
0188_03_0006.mp4,24,24,3,3
0189_00_0001.mp4,0,27,0,3
0189_00_0007.mp4,0,48,0,6
0189_01_0002.mp4,9,9,1,1
0189_01_0009.mp4,10,10,1,1
0189_01_0021.mp4,8,7,1,1
0189_01_0024.mp4,6,48,1,6
0189_02_0002.mp4,21,24,2,3
0189_02_0003.mp4,23,23,2,2
0189_02_0004.mp4,22,23,2,2
0189_02_0010.mp4,23,23,2,2
0189_02_0012.mp4,23,23,2,2
0189_02_0014.mp4,17,8,2,1
0189_04_0002.mp4,35,23,4,2
0189_06_0002.mp4,48,48,6,6
0189_06_0008.mp4,48,48,6,6
0189_06_0011.mp4,48,48,6,6
0190_00_0001.mp4,0,0,0,0
0190_01_0002.mp4,10,10,1,1
0190_01_0004.mp4,9,5,1,1
0190_01_0006.mp4,9,9,1,1
0190_01_0007.mp4,9,9,1,1
0190_02_0007.mp4,19,48,2,6
0190_03_0003.mp4,25,25,3,3
0190_05_0004.mp4,45,38,5,5
0191_00_0002.mp4,0,49,0,6
0191_00_0009.mp4,1,1,0,0
0191_01_0003.mp4,9,9,1,1
0191_02_0001.mp4,22,8,2,1
0191_02_0002.mp4,12,33,2,4
0191_02_0004.mp4,22,38,2,5
0191_02_0005.mp4,16,48,2,6
0191_02_0007.mp4,16,48,2,6
0191_02_0012.mp4,23,20,2,2
0191_02_0015.mp4,16,24,2,3
0191_02_0018.mp4,15,2,2,0
0191_02_0020.mp4,15,33,2,4
0191_02_0037.mp4,11,17,2,2
0191_02_0040.mp4,15,33,2,4
0191_02_0041.mp4,11,17,2,2
0191_02_0042.mp4,11,7,2,1
0191_03_0008.mp4,25,25,3,3
0191_05_0006.mp4,43,38,5,5
0191_06_0001.mp4,48,48,6,6
0191_06_0003.mp4,48,48,6,6
0191_06_0006.mp4,48,48,6,6
0192_00_0002.mp4,1,2,0,0
0192_00_0008.mp4,1,29,0,3
0192_00_0012.mp4,4,4,0,0
0192_01_0002.mp4,9,9,1,1
0192_01_0008.mp4,8,48,1,6
0192_01_0015.mp4,7,7,1,1
0192_01_0016.mp4,8,7,1,1
0192_02_0003.mp4,14,23,2,2
0192_02_0007.mp4,14,21,2,2
0192_02_0011.mp4,11,23,2,2
0192_03_0003.mp4,29,29,3,3
0192_03_0004.mp4,31,30,3,3
0192_03_0009.mp4,29,29,3,3
0192_05_0001.mp4,40,38,5,5
0192_05_0005.mp4,39,8,5,1
0192_06_0002.mp4,49,49,6,6
0192_06_0003.mp4,48,48,6,6
0192_06_0006.mp4,48,48,6,6
0193_00_0003.mp4,0,49,0,6
0193_00_0011.mp4,4,29,0,3
0193_01_0007.mp4,9,9,1,1
0193_01_0009.mp4,8,8,1,1
0193_01_0010.mp4,10,10,1,1
0193_01_0011.mp4,9,9,1,1
0193_02_0004.mp4,22,39,2,5
0193_02_0007.mp4,22,39,2,5
0193_03_0004.mp4,26,22,3,2
0193_03_0013.mp4,29,48,3,6
0193_03_0025.mp4,28,29,3,3
0193_03_0031.mp4,31,31,3,3
0193_03_0037.mp4,28,48,3,6
0193_03_0038.mp4,30,30,3,3
0193_03_0040.mp4,30,26,3,3
0193_04_0003.mp4,34,34,4,4
0193_05_0006.mp4,38,39,5,5
0193_05_0011.mp4,39,39,5,5
0193_05_0013.mp4,47,38,5,5
0193_05_0016.mp4,47,40,5,5
0193_06_0003.mp4,48,48,6,6
